Workbook
Name _10ports: #REF!
Name _10ports: #REF!
Name _12ports: #REF!
Name _12ports: #REF!
Name _14ports: #REF!
Name _14ports: #REF!
Name _16ports: #REF!
Name _16ports: #REF!
Name _1port: #REF!
Name _1port: #REF!
Name _2ports: #REF!
Name _2ports: #REF!
Name _4ports: #REF!
Name _4ports: #REF!
Name _6ports: #REF!
Name _6ports: #REF!
Name _8ports: #REF!
Name _8ports: #REF!
Name Additional_lessor_requirements_others: #REF!
Name Additional_lessor_requirements_others: #REF!
Name Additional_lessor_requirements_others: #REF!
Name Additional_lessor_requirements_others: #REF!
Name Additional_lessor_requirements_others: #REF!
Name Additional_lessor_requirements_others: #REF!
Name Additional_lessor_requirements_others: #REF!
Name Additional_lessor_requirements_others: #REF!
Name Additional_lessor_requirements_others: #REF!
Name Additional_lessor_requirements_others: #REF!
Name Additional_lessor_requirements_others: #REF!
Name Additional_lessor_requirements_others: #REF!
Name Additional_lessor_requirements_others: #REF!
Name Additional_lessor_requirements_others: #REF!
Name Additional_lessor_requirements_others: #REF!
Name Additional_lessor_requirements_others: #REF!
Name AMBSOLUTION: [1]Conditions!$E$1:$E$13
Name AMBSOLUTION: [1]Conditions!$E$1:$E$13
Name AMBSOLUTION: [1]Conditions!$E$1:$E$13
Name AMBSOLUTION: [1]Conditions!$E$1:$E$13
Name AMBSOLUTION: [2]Conditions!$E$1:$E$13
Name ANTENNASHARING: [1]Conditions!$B$2:$B$60
Name ANTENNASHARING: [1]Conditions!$B$2:$B$60
Name ANTENNASHARING: [1]Conditions!$B$2:$B$60
Name ANTENNASHARING: [1]Conditions!$B$2:$B$60
Name ANTENNASHARING: [2]Conditions!$B$2:$B$60
Name ANTENNASPECS: [1]Conditions!$C$1:$C$13
Name ANTENNASPECS: [1]Conditions!$C$1:$C$13
Name ANTENNASPECS: [1]Conditions!$C$1:$C$13
Name ANTENNASPECS: [1]Conditions!$C$1:$C$13
Name ANTENNASPECS: [2]Conditions!$C$1:$C$13
Name ANTENNATYPE: [1]Conditions!$A$1:$A$35
Name ANTENNATYPE: [1]Conditions!$A$1:$A$35
Name ANTENNATYPE: [1]Conditions!$A$1:$A$35
Name ANTENNATYPE: [1]Conditions!$A$1:$A$35
Name ANTENNATYPE: [2]Conditions!$A$1:$A$35
Name BrandandModel58: #REF!
Name BrandandModel58: #REF!
Name BrandandModel58: #REF!
Name BrandandModel58: #REF!
Name BrandandModel58: #REF!
Name BrandandModel58: #REF!

Sheet Summary of TSSR Details
A1: 1. Site Information Details
A3: Section | B3: Section Title | C3: Use for OLT Assessment
A4: A.1 | B4: Basic Site Information | C4: Confirm site ownership, site type, grid condition, access, flood history, hauling remarks, work permit, security, and vehicle accessibility.
A5: A.2 | B5: Site Location Description | C5: Check site location, access limitations, obstructions, and site defects that may affect OLT & transport implementation.
A6: D.1 | B6: Outdoor Photos | C6: Validate available ground/site space, access path, obstructions, cabinet area, and general site condition.
A8: The sample DIGITAL TSSR already includes A.1, A.3 and D.1 as part of the approved report sections
A10: 2. Space and physical installation survey Details
A12: Section | B12: Section Title | C12: Use for OLT Assessment
A13: D.4 | B13: Cabinet and Rack Information | C13: Main reference for available rack/cabinet space for OLT, transport, rectifier, PDU/DCDU, or auxiliary equipment. Check existing equipment layout, cable routing possibility, and available working area from equipment zone.
A14: D.4.2 | B14: Existing Transport Equipment | C14: Check transport equipment, available uplink, rack availability, and possible OLT backhaul integration. Include a photo of the Transport bayface to check available ports, SFPs, and card slots onsite. (Propose location if AN is not ready - power & space specs is provided) | D14: ATN910D Space: 442mm*220mm*44.45mm(1U) Power: 180W (1x10A DC breaker) Weight: 4kg ATN950D Space: 442mm*220mm*88.9mm(2U) Power: 237W (1x10A DC breaker) Power Input: DC/AC,1+1 backup
A15: D.7 | B15: Wireline Cabinet Solution | C15: Use if OLT & TRS equipment will be co-located with an existing outdoor cabinet or cabinet expansion is needed.
A16: D.9 | B16: Basepad Information | C16: Check if there is available basepad or space for new outdoor OLT cabinet, power cabinet, battery cabinet, or compact rack.
A17: I.1 | B17: Existing Site Development Layout | C17: Use as the base layout to identify existing tower, cabinets, genset, fuel tank, AC panel, and access route.
A18: I.2 | B18: Proposed Site Development Layout | C18: Should be updated to show the proposed OLT cabinet/rack location.
A19: I.3 | B19: Existing Room Layout | C19: Draw a simple layout of the rooms and cabinet installed on-site. If outdoor, provide the bayface of the cabinet.
A21: For the sample site, D.4 is very important because it identifies existing cabinet/rack space, including available U-space such as Rack MD4, transport rack, and rectifier rack.
A23: 3. DC Power assessment
A25: Section | B25: Section Title | C25: Use for OLT Assessment
A26: G.1 | B26: Existing DC Power Information | C26: Check existing rectifier system, installed modules, operational modules, spare slots, DC load, float voltage, and DC breaker availability, including Battery Informations
A27: G.2 | B27: Proposed New DC Power Solution | C27: Use if existing rectifier is insufficient and new rectifier, power shelf, or power cabinet is needed.
A28: G.3 | B28: Proposed DC Load Computation | C28: Recompute added OLT load & include transport load, future total load, rectifier sufficiency, breaker size, and battery backup impact.
A30: For OLT projects, G.1 and G.3 should be mandatory. In the sample, G.1 shows the rectifier systems and actual DC load information, while G.3 is used for proposed load and battery backup computation.
A32: 4. AC power Assessment
A34: Section | B34: Section Title | C34: Use for OLT Assessment
A35: H.1 | B35: AC Power Source Information | C35: Confirm if the site has permanent commercial power and identify power provider.
A36: H.2 | B36: Transformer Information | C36: Check transformer capacity and whether it can support added OLT/rectifier load. (Photos only)
A37: H.3 | B37: Other AC Components Information | C37: Review ACPDB, ECB, ATS/MTS, breaker capacity, load schedule, and possible tapping point.
A38: H.4 | B38: Genset and Fuel Tank Information | C38: Confirm backup AC source, genset capacity, fuel tank condition, and readiness to support added OLT load.
A40: In the sample, H.1 to H.4 are part of the approved sections. H.4 also shows genset capacity and fuel tank details, which are needed when assessing backup support for new OLT load.
A42: 5. Cable routing / installation readiness
A44: Section | B44: Section Title | C44: Use for OLT Assessment
A45: D.8 | B45: Cable Ladder for Power and Data Cable | C45: Check existing cable ladder/tray, conduit, route availability, and need for new cable support.
A46: E.2 | B46: Proposed Cable Interface | C46: Reuse this format for OLT power cable, fiber patch cord, grounding cable, uplink cable, and cable length requirements.
A47: I.4 | B47: Proposed Room Layout with Cable Routing Layout | C47: Use if indoor/cabin/rack installation applies.
A48: I.5 | B48: Proposed Outdoor Cable Routing | C48: Use for outdoor cabinet, outdoor OLT, fiber entry, power routing, and grounding route. Show fiber route from OLT cabinet/rack to ODF cabinet/rack to the FDT/OSP/CEF entry point.
A50: For Broadband OLT, E.2 should be modified because the current template is more mobile/RRU-based. It should be adjusted to reflect OLT requirements such as DC power cable, ODF/fiber jumper, transport uplink, grounding, and alarm cable.
A52: 6. Grounding, protection, and safety readiness
A54: Section | B54: Section Title | C54: Use for OLT Assessment
A55: D.11 | B55: Busbar Information | C55: Check available busbar, grounding tapping point, and whether existing busbar can be reused.
A56: D.12 | B56: Grounding Wire Requirement | C56: Use if additional grounding wire is needed for new OLT cabinet/rack.
A57: D.14 | B57: Grounding System | C57: Confirm grounding system, lightning protection, earthing, and safety compliance.
A59: For OLT deployment, D.11 and D.14 should be mandatory because OLT cabinet/rack, rectifier, battery, and transport equipment must have proper grounding.
A61: 7. ODN / OSP / fiber readiness
A63: Section | B63: Section Title | C63: Use for OLT Assessment
A64: D.6 | B64: OSP Facility Information | C64: Use for ODN/OSP route, fiber entry, ODF/FDT, handhole, duct, splice closure, and cable slack assessment. (Propose ODF location & fiber entry)
A67: Important: In the sample DIGI TSSR, D.6 OSP Facility Information is marked Not Applicable, but for Broadband OLT this should become mandatory, because OLT deployment is directly tied to ODN/OSP readiness.

Sheet DAS-Existing
J2: =#REF! -> #REF!
J3: Technical Site Survey Report
J4: Site Name / Search Ring Name : | O4: =#REF! -> #REF!
J5: PLA ID | O5: =#REF! -> #REF! | AP5: ist
C6: B5. DISTRIBUTED RF Antenna Information
C7: B5.1. Existing RF Antenna Information
D9: G900/U900 | N9: Sector 1 | V9: Sector 2 | AD9: Sector 3
D10: Latitude (DLL) of Antenna
D11: Longitude (DLL) of Antenna
D12: Tower type
D13: Tower/Pole Height (m)
D14: Building height (m) | R14: m | Z14: m | AH14: m
D15: Total Height (Bldg.+Tower) (m) | R15: m | Z15: m | AH15: m
D16: Sector 1 | O16: Sector 2 | Z16: Sector 3
D17: Actual GPS Reading | O17: Actual GPS Reading | Z17: Actual GPS Reading
D27: G900/U900 | N27: Sector 4 | V27: Sector 5 | AD27: Sector 6
D28: Latitude (DLL) of Antenna
D29: Longitude (DLL) of Antenna
D30: Tower type
D31: Tower/Pole Height (m)
D32: Building height (m) | R32: m | Z32: m | AH32: m
D33: Total Height (Bldg.+Tower) (m) | R33: m | Z33: m | AH33: m
D34: Sector 4 | O34: Sector 5 | Z34: Sector 6
D35: Actual GPS Reading | O35: Actual GPS Reading | Z35: Actual GPS Reading
D45: L700 | N45: Sector 1 | V45: Sector 2 | AD45: Sector 3
D46: Latitude (DLL) of Antenna
D47: Longitude (DLL) of Antenna
D48: Tower type
D49: Tower/Pole Height (m)
D50: Building height (m) | R50: m | Z50: m | AH50: m
D51: Total Height (Bldg.+Tower) (m) | R51: m | Z51: m | AH51: m
D52: Sector 1 | O52: Sector 2 | Z52: Sector 3
D53: Actual GPS Reading | O53: Actual GPS Reading | Z53: Actual GPS Reading
D63: L700 | N63: Sector 4 | V63: Sector 5 | AD63: Sector 6
D64: Latitude (DLL) of Antenna
D65: Longitude (DLL) of Antenna
D66: Tower type
D67: Tower/Pole Height (m)
D68: Building height (m) | R68: m | Z68: m | AH68: m
D69: Total Height (Bldg.+Tower) (m) | R69: m | Z69: m | AH69: m
D70: Sector 4 | O70: Sector 5 | Z70: Sector 6
D71: Actual GPS Reading | O71: Actual GPS Reading | Z71: Actual GPS Reading
D81: G1800 | N81: Sector 1 | V81: Sector 2 | AD81: Sector 3
D82: Latitude (DLL) of Antenna
D83: Longitude (DLL) of Antenna
D84: Tower type
D85: Tower/Pole Height (m)
D86: Building height (m) | AH86: =IF(AD86=AZ86,"","m")
D87: Total Height (Bldg.+Tower) (m) | R87: =IF(N87=AJ87,"","m") | Z87: =IF(V87=AR87,"","m") | AH87: =IF(AD87=AZ87,"","m")
D88: Sector 1 | O88: Sector 2 | Z88: Sector 3
D89: Actual GPS Reading | O89: Actual GPS Reading | Z89: Actual GPS Reading
D99: G1800 | N99: Sector 4 | V99: Sector 5 | AD99: Sector 6
D100: Latitude (DLL) of Antenna
D101: Longitude (DLL) of Antenna
D102: Tower type
D103: Tower/Pole Height (m)
D104: Building height (m) | AH104: =IF(AD104=AZ104,"","m")
D105: Total Height (Bldg.+Tower) (m) | R105: =IF(N105=AJ105,"","m") | Z105: =IF(V105=AR105,"","m") | AH105: =IF(AD105=AZ105,"","m")
D106: Sector 1 | O106: Sector 2 | Z106: Sector 3
D107: Actual GPS Reading | O107: Actual GPS Reading | Z107: Actual GPS Reading
D117: U2100/U2100DB | N117: Sector 1 | V117: Sector 2 | AD117: Sector 3
D118: Latitude (DLL) of Antenna
D119: Longitude (DLL) of Antenna
D120: Tower type
D121: Tower/Pole Height (m)
D122: Building height (m) | R122: =IF(N122=AJ122,"","m") | Z122: =IF(V122=AR122,"","m") | AH122: =IF(AD122=AZ122,"","m")
D123: Total Height (Bldg.+Tower) (m) | R123: =IF(N123=AJ123,"","m") | Z123: =IF(V123=AR123,"","m") | AH123: =IF(AD123=AZ123,"","m")
D124: Sector 1 | O124: Sector 2 | Z124: Sector 3
D125: Actual GPS Reading | O125: Actual GPS Reading | Z125: Actual GPS Reading
D135: U2100/U2100DB | N135: Sector 4 | V135: Sector 5 | AD135: Sector 6
D136: Latitude (DLL) of Antenna
D137: Longitude (DLL) of Antenna
D138: Tower type
D139: Tower/Pole Height (m)
D140: Building height (m) | R140: =IF(N140=AJ140,"","m") | Z140: =IF(V140=AR140,"","m") | AH140: =IF(AD140=AZ140,"","m")
D141: Total Height (Bldg.+Tower) (m) | R141: =IF(N141=AJ141,"","m") | Z141: =IF(V141=AR141,"","m") | AH141: =IF(AD141=AZ141,"","m")
D142: Sector 1 | O142: Sector 2 | Z142: Sector 3
D143: Actual GPS Reading | O143: Actual GPS Reading | Z143: Actual GPS Reading
D153: L1800/L1800DB | N153: Sector 1 | V153: Sector 2 | AD153: Sector 3
D154: Latitude (DLL) of Antenna
D155: Longitude (DLL) of Antenna
D156: Tower type
D157: Tower/Pole Height (m)
D158: Building height (m) | R158: =IF(N158=AJ158,"","m") | Z158: =IF(V158=AR158,"","m") | AH158: =IF(AD158=AZ158,"","m")
D159: Total Height (Bldg.+Tower) (m) | R159: =IF(N159=AJ159,"","m") | Z159: =IF(V159=AR159,"","m") | AH159: =IF(AD159=AZ159,"","m")
D160: Sector 1 | O160: Sector 2 | Z160: Sector 3
D161: Actual GPS Reading | O161: Actual GPS Reading | Z161: Actual GPS Reading
D170: L1800/L1800DB | N170: Sector 4 | V170: Sector 5 | AD170: Sector 6
D171: Latitude (DLL) of Antenna
D172: Longitude (DLL) of Antenna
D173: Tower type
D174: Tower/Pole Height (m)
D175: Building height (m) | R175: =IF(N175=AJ175,"","m") | Z175: =IF(V175=AR175,"","m") | AH175: =IF(AD175=AZ175,"","m")
D176: Total Height (Bldg.+Tower) (m) | R176: =IF(N176=AJ176,"","m") | Z176: =IF(V176=AR176,"","m") | AH176: =IF(AD176=AZ176,"","m")
D177: Sector 4 | O177: Sector 5 | Z177: Sector 6
D178: Actual GPS Reading | O178: Actual GPS Reading | Z178: Actual GPS Reading
D188: L2600 - TDD | N188: Sector 1 | V188: Sector 2 | AD188: Sector 3
D189: Latitude (DLL) of Antenna
D190: Longitude (DLL) of Antenna
D191: Tower type
...

Sheet TOWER -rf-cw
A1: TOWER TYPE | B1: =Mark1903406000 -> 0
A2: antenna | H2: stand alone RRU | K2: MW
A3: Height | B3: phtsysc Ant. | C3: status | D3: brand | E3: model | F3: share with | G3: RRUB2B | H3: height | I3: RRU used for | J3: model | K3: HEIGHT | L3: SIZE | M3: AZIMUTH | N3: REMARK
A4: 25 | B4: 1
A5: 25 | B5: 2
A6: 25 | B6: 3
A7: xx | B7: 4
A8: xx | B8: 5
A9: xx | B9: 6
A10: xx | B10: 7
A11: xx | B11: 9
A14: WITH DRAWINGS

Sheet B-Sol MIMO-2600
J2: =#REF! -> #REF!
J3: Technical Site Survey Report
J4: Site Name | O4: =#REF! -> #REF!
J5: PLA ID | O5: =#REF! -> #REF!
C6: B1. RF Antenna Information
C7: B1.1. General Information
E8: Enough space to install RF antenna of this project? | AF8: Antenna
D10: Proposal for MIMO (Horizontal MIMO) | N10: Sector 1 | V10: Sector 2 | AD10: Sector 3
D11: Latitude (DLL) of Antenna
D12: Longitude (DLL) of Antenna
D13: Antenna Height (m)
D14: Antenna Orientation
D15: Down tilt (Mechanical)
D16: Down tilt (Electrical)
D17: Type/Model of Antenna
D18: Tech Antenna Shared with
D19: RRU Shared with/Combiner Type
D20: Antenna solution
D21: RRU solution | N21: N/A | V21: N/A | AD21: N/A | AN21: N/A
D22: =N10 -> Sector 1 | O22: =V10 -> Sector 2 | Z22: =AD10 -> Sector 3
D23: Shot of Coverage objectives | O23: Shot of Coverage objectives | Z23: Shot of Coverage objectives
D32: RRU/RFU Location
D40: Overview of Antenna
E56: NEW AMB (specify) | P56: NEW AMB (specify) | AA56: NEW AMB (specify)
E58: REUSE AMB / REFURBISHMENT | P58: REUSE AMB / REFURBISHMENT | AA58: REUSE AMB / REFURBISHMENT
E59: AMB REFURBISHMENT | P59: AMB REFURBISHMENT
D60: New Copper lightning arrester (16mm Ø x 1.5m): | AC60: pcs
C61: C8. Cable Interface | Z61: =D10 -> Proposal for MIMO (Horizontal MIMO)
D62: Power Cable: | AD62: LENGTH
D63: Cable Routing:
E64: Single Length of -48V from EPU to RECTIFIER | AH64: m
E65: Single Length of -48V from RRU/RFU to DCDU | AA65: Sector 1 | AH65: m
AA66: Sector 2 | AH66: m
AA67: Sector 3 | AH67: m
AA68: Sector 4 | AH68: m
AA69: Sector 5 | AH69: m
AA70: Sector 6 | AH70: m
E72: Single Length of -48V from AAU to EPU | AA72: Sector 1 | AH72: m
AA73: Sector 2 | AH73: m
AA74: Sector 3 | AH74: m
AA75: Sector 4 | AH75: m
AA76: Sector 5 | AH76: m
AA77: Sector 6 | AH77: m
D78: PGND Cable:
E79: Single Length of Grounding Cable from L-Rack to Grounding Busbar | AH79: m
E80: Single Length of Grounding Cable from RRU/RFU to Grounding Busbar | AH80: m
E81: Single Length of Grounding Cable from AAU to Grounding Busbar | AH81: m
E82: Single Length of Grounding Cable from New Tower Busbar to Test Pit | AH82: m
E83: Single Length of Grounding Cable from EPU to L-Rack/Busbar | AH83: m
D84: Signal Cable:
E85: CPRI Cable | I85: Single Length of CPRI Cable from BBU to RRU/RFU
F86: Sector 1 | M86: m | O86: Sector 2 | V86: m | X86: Sector 3 | AE86: m
F87: Sector 4 | M87: m | O87: Sector 5 | V87: m | X87: Sector 6 | AE87: m
E88: CPRI Cable | I88: Single Length of CPRI Cable from BBU to AAU
F89: Sector 1 | M89: m | O89: Sector 2 | V89: m | X89: Sector 3 | AE89: m
F90: Sector 4 | M90: m | O90: Sector 5 | V90: m | X90: Sector 6 | AE90: m
E91: 1/2 Jumper Cable | K91: Single Length of 1/2" Jumper Cable from RRU/RFU to Antenna
F92: Sector 1 | M92: m | O92: Sector 2 | V92: m | X92: Sector 3 | AE92: m
F93: Sector 4 | M93: m | O93: Sector 5 | V93: m | X93: Sector 6 | AE93: m
E94: 1/2 Jumper Cable | K94: Single Length of 1/2" Jumper Cable x 2 from RRU/RFU to Feeder
F95: Sector 1 | M95: m | O95: Sector 2 | V95: m | X95: Sector 3 | AE95: m
F96: Sector 4 | M96: m | O96: Sector 5 | V96: m | X96: Sector 6 | AE96: m
E97: 1/2 Jumper Cable | K97: Single Length of 1/2" Jumper Cable x 2 from RRU/RFU to Combiner
F98: Sector 1 | M98: m | O98: Sector 2 | V98: m | X98: Sector 3 | AE98: m
F99: Sector 4 | M99: m | O99: Sector 5 | V99: m | X99: Sector 6 | AE99: m
E100: 1/2 Jumper Cable | K100: Single Length of 1/2" Jumper Cable x 2 from Combiner to Feeder
F101: Sector 1 | M101: m | O101: Sector 2 | V101: m | X101: Sector 3 | AE101: m
F102: Sector 4 | M102: m | O102: Sector 5 | V102: m | X102: Sector 6 | AE102: m
E103: 1/2 Jumper Cable | K103: Single Length of 1/2" Jumper Cable x 2 from Feeder to Antenna
F104: Sector 1 | M104: m | O104: Sector 2 | V104: m | X104: Sector 3 | AE104: m
F105: Sector 4 | M105: m | O105: Sector 5 | V105: m | X105: Sector 6 | AE105: m
E106: 7/8 Feeder Cable | K106: Single Length of 7/8" Feeder Cable x 2 from RRU/RFU to Antenna
F107: Sector 1 | M107: m | O107: Sector 2 | V107: m | X107: Sector 3 | AE107: m
F108: Sector 4 | M108: m | O108: Sector 5 | V108: m | X108: Sector 6 | AE108: m
E109: 13/8 Feeder Cable | K109: Single Length of 13/8" Feeder Cable x 2 from RRU/RFU to Antenna
F110: Sector 1 | M110: m | O110: Sector 2 | V110: m | X110: Sector 3 | AE110: m
F111: Sector 4 | M111: m | O111: Sector 5 | V111: m | X111: Sector 6 | AE111: m
D112: Connector Details
E113: Connector Type of Existing Antenna
E114: Connector Type of Existing RRU/RFU
E115: Connector Type of Existing Combiner
E116: Connector Type of New Combiner
G174: AMB-ANT-LTE RRU-Z1 3GP
G175: AMB-ANT-LTE RRU-Z1 GP
G176: AMB-ANT-LTE RRU-Z1 H
G177: AMB-ANT-LTE RRU-Z1 O
G178: PWM-3m
G179: FM-3m
G180: AMB-ANT-LTE RRU-Z1 L
G181: SPECIAL AMB
G182: FM-3m
G183: MB-RRU-Z1-O
G184: MB-RRU-Z1-L
G185: MB-RRU-Z1-H
... G187: SPECIAL RRU MB

Sheet B-Sol L23
J2: =#REF! -> #REF!
J3: Technical Site Survey Report
J4: Site Name | O4: =#REF! -> #REF!
J5: PLA ID | O5: =#REF! -> #REF!
C6: B1. RF Antenna Information
C7: B1.1. General Information
E8: Enough space to install RF antenna of this project? | AF8: Antenna
D10: Proposal for L23 | N10: Sector 1 | V10: Sector 2 | AD10: Sector 3
D11: Latitude (DLL) of Antenna
D12: Longitude (DLL) of Antenna
D13: Antenna Height (m)
D14: Antenna Orientation
D15: Down tilt (Mechanical)
D16: Down tilt (Electrical)
D17: Type/Model of Antenna
D18: Tech Antenna Shared with
D19: RRU Shared with/Combiner Type
D20: Antenna solution
D21: RRU solution | AN21: N/A
D22: =N10 -> Sector 1 | O22: =V10 -> Sector 2 | Z22: =AD10 -> Sector 3
D23: Shot of Coverage objectives | O23: Shot of Coverage objectives | Z23: Shot of Coverage objectives
D32: RRU/RFU Location
D40: Overview of Antenna
E56: NEW AMB (specify) | P56: NEW AMB (specify) | AA56: NEW AMB (specify)
E58: REUSE AMB / REFURBISHMENT | P58: REUSE AMB / REFURBISHMENT | AA58: REUSE AMB / REFURBISHMENT
D60: New Copper lightning arrester (16mm Ø x 1.5m): | AC60: pcs
C61: C8. Cable Interface | Z61: =D10 -> Proposal for L23
D62: Power Cable: | AD62: LENGTH
D63: Cable Routing:
E64: Single Length of -48V from EPU to RECTIFIER | AH64: m
E65: Single Length of -48V from RRU/RFU to DCDU | AA65: Sector 1 | AH65: m
AA66: Sector 2 | AH66: m
AA67: Sector 3 | AH67: m
E69: Single Length of -48V from AAU to EPU | AA69: Sector 1 | AH69: m
AA70: Sector 2 | AH70: m
AA71: Sector 3 | AH71: m
D72: PGND Cable:
E73: Single Length of Grounding Cable from L-Rack to Grounding Busbar | AH73: m
E74: Single Length of Grounding Cable from RRU/RFU to Grounding Busbar | AH74: m
E75: Single Length of Grounding Cable from AAU to Grounding Busbar | AH75: m
E76: Single Length of Grounding Cable from New Tower Busbar to Test Pit | AH76: m
E77: Single Length of Grounding Cable from EPU to L-Rack/Busbar | AH77: m
D78: Signal Cable:
E79: CPRI Cable | I79: Single Length of CPRI Cable from BBU to RRU/RFU
F80: Sector 1 | M80: m | O80: Sector 2 | V80: m | X80: Sector 3 | AE80: m
F81: Sector 4 | M81: m | O81: Sector 5 | V81: m | X81: Sector 6 | AE81: m
E82: CPRI Cable | I82: Single Length of CPRI Cable from BBU to AAU
F83: Sector 1 | M83: m | O83: Sector 2 | V83: m | X83: Sector 3 | AE83: m
F84: Sector 4 | M84: m | O84: Sector 5 | V84: m | X84: Sector 6 | AE84: m
E85: 1/2 Jumper Cable | K85: Single Length of 1/2" Jumper Cable from RRU/RFU to Antenna
F86: Sector 1 | M86: m | O86: Sector 2 | V86: m | X86: Sector 3 | AE86: m
F87: Sector 4 | M87: m | O87: Sector 5 | V87: m | X87: Sector 6 | AE87: m
E88: 1/2 Jumper Cable | K88: Single Length of 1/2" Jumper Cable x 2 from RRU/RFU to Feeder
F89: Sector 1 | M89: m | O89: Sector 2 | V89: m | X89: Sector 3 | AE89: m
F90: Sector 4 | M90: m | O90: Sector 5 | V90: m | X90: Sector 6 | AE90: m
E91: 1/2 Jumper Cable | K91: Single Length of 1/2" Jumper Cable x 2 from RRU/RFU to Combiner
F92: Sector 1 | M92: m | O92: Sector 2 | V92: m | X92: Sector 3 | AE92: m
F93: Sector 4 | M93: m | O93: Sector 5 | V93: m | X93: Sector 6 | AE93: m
E94: 1/2 Jumper Cable | K94: Single Length of 1/2" Jumper Cable x 2 from Combiner to Feeder
F95: Sector 1 | M95: m | O95: Sector 2 | V95: m | X95: Sector 3 | AE95: m
F96: Sector 4 | M96: m | O96: Sector 5 | V96: m | X96: Sector 6 | AE96: m
E97: 1/2 Jumper Cable | K97: Single Length of 1/2" Jumper Cable x 2 from Feeder to Antenna
F98: Sector 1 | M98: m | O98: Sector 2 | V98: m | X98: Sector 3 | AE98: m
F99: Sector 4 | M99: m | O99: Sector 5 | V99: m | X99: Sector 6 | AE99: m
E100: 7/8 Feeder Cable | K100: Single Length of 7/8" Feeder Cable x 2 from RRU/RFU to Antenna
F101: Sector 1 | M101: m | O101: Sector 2 | V101: m | X101: Sector 3 | AE101: m
F102: Sector 4 | M102: m | O102: Sector 5 | V102: m | X102: Sector 6 | AE102: m
E103: 13/8 Feeder Cable | K103: Single Length of 13/8" Feeder Cable x 2 from RRU/RFU to Antenna
F104: Sector 1 | M104: m | O104: Sector 2 | V104: m | X104: Sector 3 | AE104: m
F105: Sector 4 | M105: m | O105: Sector 5 | V105: m | X105: Sector 6 | AE105: m
D106: Connector Details
E107: Connector Type of Existing Antenna
E108: Connector Type of Existing RRU/RFU
E109: Connector Type of Existing Combiner
E110: Connector Type of New Combiner
G168: AMB-ANT-LTE RRU-Z1 3GP
G169: AMB-ANT-LTE RRU-Z1 GP
G170: AMB-ANT-LTE RRU-Z1 H
G171: AMB-ANT-LTE RRU-Z1 O
G172: PWM-3m
G173: FM-3m
G174: AMB-ANT-LTE RRU-Z1 L
G175: SPECIAL AMB
G176: FM-3m
G177: MB-RRU-Z1-O
G178: MB-RRU-Z1-L
G179: MB-RRU-Z1-H
... G181: SPECIAL RRU MB

Sheet Pre-Propose pictures
J2: ='[5]FRONT PAGE'!D8 -> <<project(Mark1903361000)>>
J3: Technical Site Survey Report
J4: Site Name | O4: =#REF! -> #REF!
J5: PLA ID | O5: =#REF! -> #REF!
C6: Possible location for upcoming antennas/AAU
D7: Possible location1 for propose Antennas/AAU
D8: sector1 | O8: sector2 | Z8: sector3
D17: Possible location2 for propose Antennas/AAU
D26: Possible location3 for propose Antennas/AAU
C36: Possible location for equipment
E45: possible location1 for cabinet | P45: possible location1 for cabinet | AA45: possible location1 for cabinet
E55: possible location1 for TMC | P55: possible location2 for TMC | AB55: possible location3 for TMC
E66: possible location1 for Basepad | P66: possible location1 for Basepad | AB66: possible location1 for Basepad

Sheet TSSR Proposed Template
B2: Antenna Name | K2: Antenna 2 | S2: Antenna 3 | AA2: Antenna 4 | AB2: Antenna 5 | AC2: Antenna 6 | AD2: Antenna 7
B3: Antenna Brand
B4: Antenna Model
B5: Serial No.
B6: Asset No.
B7: Power Output (Watts)
B8: Cell Coverage | E8: Indoor, Outdoor, OSI
B9: Solution Type | E9: Macro, Easy Macro, Pico, Atom
B10: Dual Beam | E10: Yes Or No
B11: Cell Coverage Objective | D11: Intended coverage area (Barangay, building, exact locations
B12: Ant. Latitude | C12: 14.231231 | K12: 14.231231 | S12: 14.231231 | AA12: 14.231231 | AB12: 14.231231 | AC12: 14.231231 | AD12: 14.231231
B13: Ant. Longitude | C13: 120.14126 | K13: 120.14126 | S13: 120.14126 | AA13: 120.14126 | AB13: 120.14126 | AC13: 120.14126 | AD13: 120.14126
B14: Sector Number | C14: 1 | K14: 2 | L14: 2 | M14: 2 | N14: 2 | O14: 2 | P14: 2 | Q14: 2 | R14: 2 | S14: 3 | T14: 3 | U14: 3 | V14: 3 | W14: 3 | X14: 3 | Y14: 3 | Z14: 3 | AA14: 1 | AB14: 2 | AC14: 3 | AD14: 3
B15: Azimuth | C15: 0 | K15: 90 | S15: 180 | AA15: 0 | AB15: 90 | AC15: 180 | AD15: 180
B16: Tower Height
B17: Building Height
B18: with RET | F18: Yes or No
B19: Feeder Type
B20: Feeder Length (m)
B21: Elevation (ACL, building + tower ht.) | C21: 39 | K21: 39 | S21: 39 | AA21: 36 | AB21: 36 | AC21: 36 | AD21: 36
B22: Mechanical Tilt | C22: 2 | K22: 2 | S22: 2 | AA22: - | AB22: - | AC22: - | AD22: -
B23: No. of Ports
B24: RRU/Combiner Model
B25: Antenna Status | F25: Proposed, For Implementation, In Service, For Decommissioning
B26: Technology | C26: G9 | D26: G18 | E26: U9 | F26: L7 | G26: U21 | H26: L18 | I26: L7 | J26: L26 | K26: L23 | L26: G9 | M26: U9 | N26: L7 | O26: U21 | P26: L18 | Q26: L7 | R26: L26 | S26: L23 | T26: G9 | U26: U9 | V26: L7 | W26: U21 | X26: L18 | Y26: L7 | Z26: L26 | AA26: L23 | AB26: L26 MM | AC26: L26 MM | AD26: L26 MM | AE26: NR35
C27: On-Air, Proposed, For Implementation, For Decommissioning | D27: On-Air, Proposed, For Implementation, For Decommissioning | E27: On-Air, Proposed, For Implementation, For Decommissioning | F27: On-Air, Proposed, For Implementation, For Decommissioning | G27: On-Air, Proposed, For Implementation, For Decommissioning | H27: On-Air, Proposed, For Implementation, For Decommissioning | I27: On-Air, Proposed, For Implementation, For Decommissioning | J27: On-Air, Proposed, For Implementation, For Decommissioning | K27: On-Air, Proposed, For Implementation, For Decommissioning | L27: On-Air, Proposed, For Implementation, For Decommissioning | M27: On-Air, Proposed, For Implementation, For Decommissioning | N27: On-Air, Proposed, For Implementation, For Decommissioning | O27: On-Air, Proposed, For Implementation, For Decommissioning | P27: On-Air, Proposed, For Implementation, For Decommissioning | Q27: On-Air, Proposed, For Implementation, For Decommissioning | R27: On-Air, Proposed, For Implementation, For Decommissioning | S27: On-Air, Proposed, For Implementation, For Decommissioning | T27: On-Air, Proposed, For Implementation, For Decommissioning | U27: On-Air, Proposed, For Implementation, For Decommissioning | V27: On-Air, Proposed, For Implementation, For Decommissioning | W27: On-Air, Proposed, For Implementation, For Decommissioning | X27: On-Air, Proposed, For Implementation, For Decommissioning | Y27: On-Air, Proposed, For Implementation, For Decommissioning | Z27: On-Air, Proposed, For Implementation, For Decommissioning | AA27: On-Air, Proposed, For Implementation, For Decommissioning
B28: Configuration | C28: # of Carriers | D28: # of Carriers | E28: # of Carriers | F28: # of Carriers | G28: # of Carriers | H28: # of Carriers | I28: # of Carriers | J28: # of Carriers | K28: # of Carriers
B29: Electrical Tilt | C29: 2 | D29: 2 | E29: 2 | F29: 2 | G29: 2 | H29: 2 | I29: 2 | J29: 2 | K29: 2 | L29: 2 | M29: 2 | N29: 2 | O29: 2 | P29: 2 | Q29: 2 | R29: 2 | S29: 2 | T29: 2 | U29: 2 | V29: 2 | W29: 2 | X29: 2 | Y29: 2 | Z29: 2 | AA29: 2 | AB29: - | AC29: - | AD29: - | AE29: -
B30: Tower Type | C30: 40-meter SST | AE30: *Captured In Facilities
B31: Cabin (Indoor/Outdoor) | C31: Outdoor | AE31: *Captured In Facilities
B35: RRU Name
B36: RRU Model
B37: Asset No.
B38: Serial No.
B39: RRU Location | C39: Top, Down
B40: RRU Status | F40: Proposed, For Implementation, In Service, For Decommissioning
B41: BBU-RRU FOC Length (m)
B42: Technology | C42: G9 | D42: G18 | E42: U9 | F42: L7 | G42: U21 | H42: L18 | I42: L7 | J42: L26 | K42: L23
C43: On-Air, Proposed, For Implementation, For Decommissioning | D43: On-Air, Proposed, For Implementation, For Decommissioning | E43: On-Air, Proposed, For Implementation, For Decommissioning | F43: On-Air, Proposed, For Implementation, For Decommissioning | G43: On-Air, Proposed, For Implementation, For Decommissioning | H43: On-Air, Proposed, For Implementation, For Decommissioning | I43: On-Air, Proposed, For Implementation, For Decommissioning | J43: On-Air, Proposed, For Implementation, For Decommissioning | K43: On-Air, Proposed, For Implementation, For Decommissioning
B44: Sector Number | C44: 1 | K44: 1
B48: BBU Name
B49: BBU Model
B50: Asset No.
B51: Serial No.
B52: BBU Sharing Capable | D52: Yes, No
B53: BBU Status | F53: Proposed, For Implementation, In Service, For Decommissioning
B54: Technology | C54: G9 | D54: G18 | E54: U9 | F54: L7 | G54: U21 | H54: L18 | I54: L7 | J54: L26 | K54: L23
C55: On-Air, Proposed, For Implementation, For Decommissioning | D55: On-Air, Proposed, For Implementation, For Decommissioning | E55: On-Air, Proposed, For Implementation, For Decommissioning | F55: On-Air, Proposed, For Implementation, For Decommissioning | G55: On-Air, Proposed, For Implementation, For Decommissioning | H55: On-Air, Proposed, For Implementation, For Decommissioning | I55: On-Air, Proposed, For Implementation, For Decommissioning | J55: On-Air, Proposed, For Implementation, For Decommissioning | K55: On-Air, Proposed, For Implementation, For Decommissioning

Sheet B-Sol MIMO-1800
J2: =#REF! -> #REF!
J3: Technical Site Survey Report
J4: Site Name | O4: =#REF! -> #REF!
J5: PLA ID | O5: =#REF! -> #REF!
C6: B1. RF Antenna Information
C7: B1.1. General Information
E8: Enough space to install RF antenna of this project? | AF8: Antenna
D10: Proposal for MIMO (Horizontal MIMO) | N10: Sector 1 | V10: Sector 2 | AD10: Sector 3
D11: Latitude (DLL) of Antenna
D12: Longitude (DLL) of Antenna
D13: Antenna Height (m)
D14: Antenna Orientation
D15: Down tilt (Mechanical)
D16: Down tilt (Electrical)
D17: Type/Model of Antenna
D18: Tech Antenna Shared with
D19: RRU Shared with/Combiner Type
D20: Antenna solution
D21: RRU solution | N21: N/A | V21: N/A | AD21: N/A
D22: =N10 -> Sector 1 | O22: =V10 -> Sector 2 | Z22: =AD10 -> Sector 3
D23: Shot of Coverage objectives | O23: Shot of Coverage objectives | Z23: Shot of Coverage objectives
D32: RRU/RFU Location
D40: Overview of Antenna
E56: NEW AMB (specify) | P56: NEW AMB (specify) | AA56: NEW AMB (specify)
E58: REUSE AMB / REFURBISHMENT | P58: REUSE AMB / REFURBISHMENT | AA58: REUSE AMB / REFURBISHMENT
E59: AMB REFURBISHMENT | P59: AMB REFURBISHMENT | AA59: AMB REFURBISHMENT
D60: New Copper lightning arrester (16mm Ø x 1.5m): | AC60: pcs
C61: C8. Cable Interface | Z61: =D10 -> Proposal for MIMO (Horizontal MIMO)
D62: Power Cable: | AD62: LENGTH
D63: Cable Routing:
E64: Single Length of -48V from EPU to RECTIFIER | AH64: m
E65: Single Length of -48V from RRU/RFU to DCDU | AA65: Sector 1 | AH65: m
AA66: Sector 2 | AH66: m
AA67: Sector 3 | AH67: m
AA68: Sector 4 | AH68: m
AA69: Sector 5 | AH69: m
AA70: Sector 6 | AH70: m
E72: Single Length of -48V from AAU to EPU | AA72: Sector 1 | AH72: m
AA73: Sector 2 | AH73: m
AA74: Sector 3 | AH74: m
AA75: Sector 4 | AH75: m
AA76: Sector 5 | AH76: m
AA77: Sector 6 | AH77: m
D78: PGND Cable:
E79: Single Length of Grounding Cable from L-Rack to Grounding Busbar | AH79: m
E80: Single Length of Grounding Cable from RRU/RFU to Grounding Busbar | AH80: m
E81: Single Length of Grounding Cable from AAU to Grounding Busbar | AH81: m
E82: Single Length of Grounding Cable from New Tower Busbar to Test Pit | AH82: m
E83: Single Length of Grounding Cable from epU to L-Rack/Busbar | AH83: m
D84: Signal Cable:
E85: CPRI Cable | I85: Single Length of CPRI Cable from BBU to RRU/RFU
F86: Sector 1 | M86: m | O86: Sector 2 | V86: m | X86: Sector 3 | AE86: m
F87: Sector 4 | M87: m | O87: Sector 5 | V87: m | X87: Sector 6 | AE87: m
E88: CPRI Cable | I88: Single Length of CPRI Cable from BBU to AAU
F89: Sector 1 | M89: m | O89: Sector 2 | V89: m | X89: Sector 3 | AE89: m
F90: Sector 4 | M90: m | O90: Sector 5 | V90: m | X90: Sector 6 | AE90: m
E91: 1/2 Jumper Cable | K91: Single Length of 1/2" Jumper Cable from RRU/RFU to Antenna
F92: Sector 1 | M92: m | O92: Sector 2 | V92: m | X92: Sector 3 | AE92: m
F93: Sector 4 | M93: m | O93: Sector 5 | V93: m | X93: Sector 6 | AE93: m
E94: 1/2 Jumper Cable | K94: Single Length of 1/2" Jumper Cable x 2 from RRU/RFU to Feeder
F95: Sector 1 | M95: m | O95: Sector 2 | V95: m | X95: Sector 3 | AE95: m
F96: Sector 4 | M96: m | O96: Sector 5 | V96: m | X96: Sector 6 | AE96: m
E97: 1/2 Jumper Cable | K97: Single Length of 1/2" Jumper Cable x 2 from RRU/RFU to Combiner
F98: Sector 1 | M98: m | O98: Sector 2 | V98: m | X98: Sector 3 | AE98: m
F99: Sector 4 | M99: m | O99: Sector 5 | V99: m | X99: Sector 6 | AE99: m
E100: 1/2 Jumper Cable | K100: Single Length of 1/2" Jumper Cable x 2 from Combiner to Feeder
F101: Sector 1 | M101: m | O101: Sector 2 | V101: m | X101: Sector 3 | AE101: m
F102: Sector 4 | M102: m | O102: Sector 5 | V102: m | X102: Sector 6 | AE102: m
E103: 1/2 Jumper Cable | K103: Single Length of 1/2" Jumper Cable x 2 from Feeder to Antenna
F104: Sector 1 | M104: m | O104: Sector 2 | V104: m | X104: Sector 3 | AE104: m
F105: Sector 4 | M105: m | O105: Sector 5 | V105: m | X105: Sector 6 | AE105: m
E106: 7/8 Feeder Cable | K106: Single Length of 7/8" Feeder Cable x 2 from RRU/RFU to Antenna
F107: Sector 1 | M107: m | O107: Sector 2 | V107: m | X107: Sector 3 | AE107: m
F108: Sector 4 | M108: m | O108: Sector 5 | V108: m | X108: Sector 6 | AE108: m
E109: 13/8 Feeder Cable | K109: Single Length of 13/8" Feeder Cable x 2 from RRU/RFU to Antenna
F110: Sector 1 | M110: m | O110: Sector 2 | V110: m | X110: Sector 3 | AE110: m
F111: Sector 4 | M111: m | O111: Sector 5 | V111: m | X111: Sector 6 | AE111: m
D112: Connector Details
E113: Connector Type of Existing Antenna
E114: Connector Type of Existing RRU/RFU
E115: Connector Type of Existing Combiner
E116: Connector Type of New Combiner
G164: AMB-ANT-LTE RRU-Z1 3GP
G165: AMB-ANT-LTE RRU-Z1 GP
G166: AMB-ANT-LTE RRU-Z1 H
G167: AMB-ANT-LTE RRU-Z1 O
G168: PWM-3m
G169: FM-3m
G170: AMB-ANT-LTE RRU-Z1 L
G171: SPECIAL AMB
G172: FM-3m
G173: MB-RRU-Z1-O
G174: MB-RRU-Z1-L
G175: MB-RRU-Z1-H
... G177: SPECIAL RRU MB

Sheet B-Sol U2100DB
J2: =#REF! -> #REF!
J3: Technical Site Survey Report
J4: Site Name | O4: =#REF! -> #REF!
J5: PLA ID | O5: =#REF! -> #REF!
C6: B1. RF Antenna Information
C7: B1.1. General Information
E8: Enough space to install RF antenna of this project? | AF8: Antenna
D10: Proposal for U2100DB | N10: Sector 1 | V10: Sector 2 | AD10: Sector 3
D11: Latitude (DLL) of Antenna
D12: Longitude (DLL) of Antenna
D13: Antenna Height (m)
D14: Antenna Orientation
D15: Down tilt (Mechanical)
D16: Down tilt (Electrical)
D17: Type/Model of Antenna
D18: Tech Antenna Shared with
D19: RRU Shared with/Combiner Type
D20: Antenna solution
D21: RRU solution
D22: =N10 -> Sector 1 | O22: =V10 -> Sector 2 | Z22: =AD10 -> Sector 3
D23: Shot of Coverage objectives | O23: Shot of Coverage objectives | Z23: Shot of Coverage objectives
D33: RRU/RFU Location
D41: Overview of Antenna
E57: NEW AMB (specify) | P57: NEW AMB (specify) | AA57: NEW AMB (specify)
E59: REUSE AMB / REFURBISHMENT | P59: REUSE AMB / REFURBISHMENT | AA59: REUSE AMB / REFURBISHMENT
E60: AMB REFURBISHMENT | P60: AMB REFURBISHMENT | AA60: AMB REFURBISHMENT
D61: New Copper lightning arrester (16mm Ø x 1.5m): | AC61: pcs
D63: Proposal for U2100DB | N63: Sector 4 | V63: Sector 5 | AD63: Sector 6
D64: Latitude (DLL) of Antenna
D65: Longitude (DLL) of Antenna
D66: Antenna Height (m)
D67: Antenna Orientation
D68: Down tilt (Mechanical)
D69: Down tilt (Electrical)
D70: Type/Model of Antenna
D71: Tech Antenna Shared with
D72: RRU Shared with/Combiner Type
D73: Antenna solution
D74: RRU solution
D75: =N63 -> Sector 4 | O75: =V63 -> Sector 5 | Z75: =AD63 -> Sector 6
D76: Shot of Coverage objectives | O76: Shot of Coverage objectives | Z76: Shot of Coverage objectives
D86: RRU/RFU Location
D94: Overview of Antenna
E110: NEW AMB (specify) | P110: NEW AMB (specify) | AA110: NEW AMB (specify)
E112: REUSE AMB / REFURBISHMENT | P112: REUSE AMB / REFURBISHMENT | AA112: REUSE AMB / REFURBISHMENT
D113: New Copper lightning arrester (16mm Ø x 1.5m): | AC113: pcs
C114: C8. Cable Interface | Z114: =D10 -> Proposal for U2100DB
D115: Power Cable: | AD115: LENGTH
D116: Cable Routing:
E117: Single Length of -48V from DCDU to RECTIFIER | AH117: m
E118: Single Length of -48V from RRU/RFU to DCDU | AA118: Sector 1 | AH118: m
AA119: Sector 2 | AH119: m
AA120: Sector 3 | AH120: m
AA121: Sector 4 | AH121: m
AA122: Sector 5 | AH122: m
AA123: Sector 6 | AH123: m
E125: Single Length of -48V from AAU to DCDU | AA125: Sector 1 | AH125: m
AA126: Sector 2 | AH126: m
AA127: Sector 3 | AH127: m
AA128: Sector 4 | AH128: m
AA129: Sector 5 | AH129: m
AA130: Sector 6 | AH130: m
D131: PGND Cable:
E132: Single Length of Grounding Cable from L-Rack to Grounding Busbar | AH132: m
E133: Single Length of Grounding Cable from RRU/RFU to Grounding Busbar | AH133: m
E134: Single Length of Grounding Cable from AAU to Grounding Busbar | AH134: m
E135: Single Length of Grounding Cable from New Tower Busbar to Test Pit | AH135: m
E136: Single Length of Grounding Cable from DCDU to L-Rack/Busbar | AH136: m
D137: Signal Cable:
E138: CPRI Cable | I138: Single Length of CPRI Cable from BBU to RRU/RFU
F139: Sector 1 | M139: m | O139: Sector 2 | V139: m | X139: Sector 3 | AE139: m
F140: Sector 4 | M140: m | O140: Sector 5 | V140: m | X140: Sector 6 | AE140: m
E141: CPRI Cable | I141: Single Length of CPRI Cable from BBU to AAU
F142: Sector 1 | M142: m | O142: Sector 2 | V142: m | X142: Sector 3 | AE142: m
F143: Sector 4 | M143: m | O143: Sector 5 | V143: m | X143: Sector 6 | AE143: m
E144: 1/2 Jumper Cable | K144: Single Length of 1/2" Jumper Cable from RRU/RFU to Antenna
F145: Sector 1 | M145: m | O145: Sector 2 | V145: m | X145: Sector 3 | AE145: m
F146: Sector 4 | M146: m | O146: Sector 5 | V146: m | X146: Sector 6 | AE146: m
E147: 1/2 Jumper Cable | K147: Single Length of 1/2" Jumper Cable x 2 from RRU/RFU to Feeder
F148: Sector 1 | M148: m | O148: Sector 2 | V148: m | X148: Sector 3 | AE148: m
F149: Sector 4 | M149: m | O149: Sector 5 | V149: m | X149: Sector 6 | AE149: m
E150: 1/2 Jumper Cable | K150: Single Length of 1/2" Jumper Cable x 2 from RRU/RFU to Combiner
F151: Sector 1 | M151: m | O151: Sector 2 | V151: m | X151: Sector 3 | AE151: m
F152: Sector 4 | M152: m | O152: Sector 5 | V152: m | X152: Sector 6 | AE152: m
E153: 1/2 Jumper Cable | K153: Single Length of 1/2" Jumper Cable x 2 from Combiner to Feeder
F154: Sector 1 | M154: m | O154: Sector 2 | V154: m | X154: Sector 3 | AE154: m
F155: Sector 4 | M155: m | O155: Sector 5 | V155: m | X155: Sector 6 | AE155: m
E156: 1/2 Jumper Cable | K156: Single Length of 1/2" Jumper Cable x 2 from Feeder to Antenna
F157: Sector 1 | M157: m | O157: Sector 2 | V157: m | X157: Sector 3 | AE157: m
F158: Sector 4 | M158: m | O158: Sector 5 | V158: m | X158: Sector 6 | AE158: m
E159: 7/8 Feeder Cable | K159: Single Length of 7/8" Feeder Cable x 2 from RRU/RFU to Antenna
F160: Sector 1 | M160: m | O160: Sector 2 | V160: m | X160: Sector 3 | AE160: m
F161: Sector 4 | M161: m | O161: Sector 5 | V161: m | X161: Sector 6 | AE161: m
E162: 13/8 Feeder Cable | K162: Single Length of 13/8" Feeder Cable x 2 from RRU/RFU to Antenna
F163: Sector 1 | M163: m | O163: Sector 2 | V163: m | X163: Sector 3 | AE163: m
F164: Sector 4 | M164: m | O164: Sector 5 | V164: m | X164: Sector 6 | AE164: m
D165: Connector Details
E166: Connector Type of Existing Antenna
E167: Connector Type of Existing RRU/RFU
E168: Connector Type of Existing Combiner
...

Sheet B-Sol L1800(DB)
J2: =#REF! -> #REF!
J3: Technical Site Survey Report
J4: Site Name | O4: =#REF! -> #REF!
J5: PLA ID | O5: =#REF! -> #REF!
C6: B1. RF Antenna Information
C7: B1.1. General Information
E8: Enough space to install RF antenna of this project? | AF8: Antenna
D10: Proposal for L1800/DB | N10: Sector 1 | V10: Sector 2 | AD10: Sector 3
D11: Latitude (DLL) of Antenna
D12: Longitude (DLL) of Antenna
D13: Antenna Height (m)
D14: Antenna Orientation
D15: Down tilt (Mechanical)
D16: Down tilt (Electrical)
D17: Type/Model of Antenna
D18: Antenna vertical separation | R18: =IF(N18=AJ18,"","m") | Z18: =IF(V18=AR18,"","m") | AH18: =IF(AD18=AZ18,"","m")
D19: Antenna horizontal separation | R19: =IF(N19=AJ19,"","m") | Z19: =IF(V19=AR19,"","m") | AH19: =IF(AD19=AZ19,"","m")
D20: Tech Antenna Shared with
D21: Used of SBT (Yes/No)
D22: RRU/Combiner Model
D23: RRU/Combiner Type
D24: RRU Shared with/Combiner Type
D25: Antenna solution
D26: RRU solution
D27: =N10 -> Sector 1 | O27: =V10 -> Sector 2 | Z27: =AD10 -> Sector 3
D28: Shot of Coverage objectives | O28: Shot of Coverage objectives | Z28: Shot of Coverage objectives
D38: RRU/RFU Location
D46: Overview of Antenna
E62: NEW AMB (specify) | P62: NEW AMB (specify) | AA62: NEW AMB (specify)
E64: REUSE AMB / REFURBISHMENT | P64: REUSE AMB / REFURBISHMENT | AA64: REUSE AMB / REFURBISHMENT
E65: AMB REFURBISHMENT | P65: AMB REFURBISHMENT | AA65: AMB REFURBISHMENT
D66: New Copper lightning arrester (16mm Ø x 1.5m): | AC66: pcs
D68: =D10 -> Proposal for L1800/DB | N68: Sector 4 | V68: Sector 5 | AD68: Sector 6
D69: Latitude (DLL) of Antenna
D70: Longitude (DLL) of Antenna
D71: Antenna Height (m)
D72: Antenna Orientation
D73: Down tilt (Mechanical)
D74: Down tilt (Electrical)
D75: Type/Model of Antenna
D76: Antenna vertical separation | R76: =IF(N76=AJ76,"","m") | Z76: =IF(V76=AR76,"","m") | AH76: =IF(AD76=AZ76,"","m")
D77: Antenna horizontal separation | R77: =IF(N77=AJ77,"","m") | Z77: =IF(V77=AR77,"","m") | AH77: =IF(AD77=AZ77,"","m")
D78: Tech Antenna Shared with
D79: Used of SBT (Yes/No)
D80: RRU/Combiner Model
D81: RRU/Combiner Type
D82: RRU Shared with/Combiner Type
D83: Antenna solution
D84: RRU solution
D85: =N68 -> Sector 4 | O85: =V68 -> Sector 5 | Z85: =AD68 -> Sector 6
D86: Shot of Coverage objectives | O86: Shot of Coverage objectives | Z86: Shot of Coverage objectives
D96: RRU/RFU Location
D104: Overview of Antenna
E120: NEW AMB (specify) | P120: NEW AMB (specify) | AA120: NEW AMB (specify)
E122: REUSE AMB / REFURBISHMENT | P122: REUSE AMB / REFURBISHMENT | AA122: REUSE AMB / REFURBISHMENT
E123: AMB REFURBISHMENT | P123: AMB REFURBISHMENT | AA123: AMB REFURBISHMENT
D124: New Copper lightning arrester (16mm Ø x 1.5m): | AC124: pcs
C125: C8. Cable Interface | Z125: =D10 -> Proposal for L1800/DB
D126: Power Cable: | AD126: LENGTH
D127: Cable Routing:
E128: Single Length of -48V from DCDU to RECTIFIER | AH128: m
E129: Single Length of -48V from RRU/RFU to DCDU | AA129: Sector 1 | AH129: m
AA130: Sector 2 | AH130: m
AA131: Sector 3 | AH131: m
AA132: Sector 4 | AH132: m
AA133: Sector 5 | AH133: m
AA134: Sector 6 | AH134: m
E136: Single Length of -48V from AAU to DCDU | AA136: Sector 1 | AH136: m
AA137: Sector 2 | AH137: m
AA138: Sector 3 | AH138: m
AA139: Sector 4 | AH139: m
AA140: Sector 5 | AH140: m
AA141: Sector 6 | AH141: m
D142: PGND Cable:
E143: Single Length of Grounding Cable from L-Rack to Grounding Busbar | AH143: m
E144: Single Length of Grounding Cable from RRU/RFU to Grounding Busbar | AH144: m
E145: Single Length of Grounding Cable from AAU to Grounding Busbar | AH145: m
E146: Single Length of Grounding Cable from New Tower Busbar to Test Pit | AH146: m
E147: Single Length of Grounding Cable from DCDU to L-Rack/Busbar | AH147: m
D148: Signal Cable:
E149: CPRI Cable | I149: Single Length of CPRI Cable from BBU to RRU/RFU
F150: Sector 1 | M150: m | O150: Sector 2 | V150: m | X150: Sector 3 | AE150: m
F151: Sector 4 | M151: m | O151: Sector 5 | V151: m | X151: Sector 6 | AE151: m
E152: CPRI Cable | I152: Single Length of CPRI Cable from BBU to AAU
F153: Sector 1 | M153: m | O153: Sector 2 | V153: m | X153: Sector 3 | AE153: m
F154: Sector 4 | M154: m | O154: Sector 5 | V154: m | X154: Sector 6 | AE154: m
E155: 1/2 Jumper Cable | K155: Single Length of 1/2" Jumper Cable from RRU/RFU to Antenna
F156: Sector 1 | M156: m | O156: Sector 2 | V156: m | X156: Sector 3 | AE156: m
F157: Sector 4 | M157: m | O157: Sector 5 | V157: m | X157: Sector 6 | AE157: m
E158: 1/2 Jumper Cable | K158: Single Length of 1/2" Jumper Cable x 2 from RRU/RFU to Feeder
F159: Sector 1 | M159: m | O159: Sector 2 | V159: m | X159: Sector 3 | AE159: m
F160: Sector 4 | M160: m | O160: Sector 5 | V160: m | X160: Sector 6 | AE160: m
E161: 1/2 Jumper Cable | K161: Single Length of 1/2" Jumper Cable x 2 from RRU/RFU to Combiner
F162: Sector 1 | M162: m | O162: Sector 2 | V162: m | X162: Sector 3 | AE162: m
F163: Sector 4 | M163: m | O163: Sector 5 | V163: m | X163: Sector 6 | AE163: m
E164: 1/2 Jumper Cable | K164: Single Length of 1/2" Jumper Cable x 2 from Combiner to Feeder
F165: Sector 1 | M165: m | O165: Sector 2 | V165: m | X165: Sector 3 | AE165: m
F166: Sector 4 | M166: m | O166: Sector 5 | V166: m | X166: Sector 6 | AE166: m
E167: 1/2 Jumper Cable | K167: Single Length of 1/2" Jumper Cable x 2 from Feeder to Antenna
F168: Sector 1 | M168: m | O168: Sector 2 | V168: m | X168: Sector 3 | AE168: m
...

Sheet B-Sol L700
J2: =#REF! -> #REF!
J3: Technical Site Survey Report
J4: Site Name | O4: =#REF! -> #REF!
J5: PLA ID | O5: =#REF! -> #REF!
C6: B1. RF Antenna Information
C7: B1.1. General Information
E8: Enough space to install RF antenna of this project? | AF8: Antenna
D10: Proposal for L700 | N10: Sector 1 | V10: Sector 2 | AD10: Sector 3
D11: Latitude (DLL) of Antenna
D12: Longitude (DLL) of Antenna
D13: Antenna Height (m)
D14: Antenna Orientation
D15: Down tilt (Mechanical)
D16: Down tilt (Electrical)
D17: Type/Model of Antenna
D18: Tech Antenna Shared with
D19: RRU Shared with/Combiner Type
D20: Antenna solution
D21: RRU solution
D22: =N10 -> Sector 1 | O22: =V10 -> Sector 2 | Z22: =AD10 -> Sector 3
D23: Shot of Coverage objectives | O23: Shot of Coverage objectives | Z23: Shot of Coverage objectives
D33: RRU/RFU Location
D41: Overview of Antenna
E57: NEW AMB (specify) | P57: NEW AMB (specify) | AA57: NEW AMB (specify)
E59: REUSE AMB / REFURBISHMENT | P59: REUSE AMB / REFURBISHMENT | AA59: REUSE AMB / REFURBISHMENT
E60: AMB REFURBISHMENT | P60: AMB REFURBISHMENT | AA60: AMB REFURBISHMENT
D61: New Copper lightning arrester (16mm Ø x 1.5m): | AC61: pcs
D63: =D10 -> Proposal for L700 | N63: Sector 4 | V63: Sector 5 | AD63: Sector 6
D64: Latitude (DLL) of Antenna
D65: Longitude (DLL) of Antenna
D66: Antenna Height (m)
D67: Antenna Orientation
D68: Down tilt (Mechanical)
D69: Down tilt (Electrical)
D70: Type/Model of Antenna
D71: Antenna vertical separation | R71: =IF(N71=AJ71,"","m") | Z71: =IF(V71=AR71,"","m") | AH71: =IF(AD71=AZ71,"","m")
D72: Antenna horizontal separation | R72: =IF(N72=AJ72,"","m") | Z72: =IF(V72=AR72,"","m") | AH72: =IF(AD72=AZ72,"","m")
D73: Tech Antenna Shared with
D74: Used of SBT (Yes/No)
D75: RRU/Combiner Model
D76: RRU/Combiner Type
D77: RRU Shared with/Combiner Type
D78: Antenna solution
D79: RRU solution
D80: =N63 -> Sector 4 | O80: =V63 -> Sector 5 | Z80: =AD63 -> Sector 6
D81: Shot of Coverage objectives | O81: Shot of Coverage objectives | Z81: Shot of Coverage objectives
D91: RRU/RFU Location
D99: Overview of Antenna
E115: NEW AMB (specify) | P115: NEW AMB (specify) | AA115: NEW AMB (specify)
E117: REUSE AMB / REFURBISHMENT | P117: REUSE AMB / REFURBISHMENT | AA117: REUSE AMB / REFURBISHMENT
D118: New Copper lightning arrester (16mm Ø x 1.5m): | AC118: pcs
C119: C8. Cable Interface | Z119: =D10 -> Proposal for L700
D120: Power Cable: | AD120: LENGTH
D121: Cable Routing:
E122: Single Length of -48V from DCDU to RECTIFIER | AH122: m
E123: Single Length of -48V from RRU/RFU to DCDU | AA123: Sector 1 | AH123: m
AA124: Sector 2 | AH124: m
AA125: Sector 3 | AH125: m
AA126: Sector 4 | AH126: m
AA127: Sector 5 | AH127: m
AA128: Sector 6 | AH128: m
E130: Single Length of -48V from AAU to DCDU | AA130: Sector 1 | AH130: m
AA131: Sector 2 | AH131: m
AA132: Sector 3 | AH132: m
AA133: Sector 4 | AH133: m
AA134: Sector 5 | AH134: m
AA135: Sector 6 | AH135: m
D136: PGND Cable:
E137: Single Length of Grounding Cable from L-Rack to Grounding Busbar | AH137: m
E138: Single Length of Grounding Cable from RRU/RFU to Grounding Busbar | AH138: m
E139: Single Length of Grounding Cable from AAU to Grounding Busbar | AH139: m
E140: Single Length of Grounding Cable from New Tower Busbar to Test Pit | AH140: m
E141: Single Length of Grounding Cable from DCDU to L-Rack/Busbar | AH141: m
D142: Signal Cable:
E143: CPRI Cable | I143: Single Length of CPRI Cable from BBU to RRU/RFU
F144: Sector 1 | M144: m | O144: Sector 2 | V144: m | X144: Sector 3 | AE144: m
F145: Sector 4 | M145: m | O145: Sector 5 | V145: m | X145: Sector 6 | AE145: m
E146: CPRI Cable | I146: Single Length of CPRI Cable from BBU to AAU
F147: Sector 1 | M147: m | O147: Sector 2 | V147: m | X147: Sector 3 | AE147: m
F148: Sector 4 | M148: m | O148: Sector 5 | V148: m | X148: Sector 6 | AE148: m
E149: 1/2 Jumper Cable | K149: Single Length of 1/2" Jumper Cable from RRU/RFU to Antenna
F150: Sector 1 | M150: m | O150: Sector 2 | V150: m | X150: Sector 3 | AE150: m
F151: Sector 4 | M151: m | O151: Sector 5 | V151: m | X151: Sector 6 | AE151: m
E152: 1/2 Jumper Cable | K152: Single Length of 1/2" Jumper Cable x 2 from RRU/RFU to Feeder
F153: Sector 1 | M153: m | O153: Sector 2 | V153: m | X153: Sector 3 | AE153: m
F154: Sector 4 | M154: m | O154: Sector 5 | V154: m | X154: Sector 6 | AE154: m
E155: 1/2 Jumper Cable | K155: Single Length of 1/2" Jumper Cable x 2 from RRU/RFU to Combiner
F156: Sector 1 | M156: m | O156: Sector 2 | V156: m | X156: Sector 3 | AE156: m
F157: Sector 4 | M157: m | O157: Sector 5 | V157: m | X157: Sector 6 | AE157: m
E158: 1/2 Jumper Cable | K158: Single Length of 1/2" Jumper Cable x 2 from Combiner to Feeder
F159: Sector 1 | M159: m | O159: Sector 2 | V159: m | X159: Sector 3 | AE159: m
F160: Sector 4 | M160: m | O160: Sector 5 | V160: m | X160: Sector 6 | AE160: m
E161: 1/2 Jumper Cable | K161: Single Length of 1/2" Jumper Cable x 2 from Feeder to Antenna
F162: Sector 1 | M162: m | O162: Sector 2 | V162: m | X162: Sector 3 | AE162: m
F163: Sector 4 | M163: m | O163: Sector 5 | V163: m | X163: Sector 6 | AE163: m
E164: 7/8 Feeder Cable | K164: Single Length of 7/8" Feeder Cable x 2 from RRU/RFU to Antenna
F165: Sector 1 | M165: m | O165: Sector 2 | V165: m | X165: Sector 3 | AE165: m
F166: Sector 4 | M166: m | O166: Sector 5 | V166: m | X166: Sector 6 | AE166: m
E167: 13/8 Feeder Cable | K167: Single Length of 13/8" Feeder Cable x 2 from RRU/RFU to Antenna
F168: Sector 1 | M168: m | O168: Sector 2 | V168: m | X168: Sector 3 | AE168: m
...

Sheet B-Sol L2600
J2: =#REF! -> #REF!
J3: Technical Site Survey Report
J4: Site Name | O4: =#REF! -> #REF!
J5: PLA ID | O5: =#REF! -> #REF!
C6: B1. RF Antenna Information
C7: B1.1. General Information
E8: Enough space to install RF antenna of this project? | AF8: Antenna
D10: Proposal for L2600 | N10: Sector 1 | V10: Sector 2 | AD10: Sector 3
D11: Latitude (DLL) of Antenna
D12: Longitude (DLL) of Antenna
D13: Antenna Height (m)
D14: Antenna Orientation
D15: Down tilt (Mechanical)
D16: Down tilt (Electrical)
D17: Type/Model of Antenna
D18: Tech Antenna Shared with
D19: RRU Shared with/Combiner Type
D20: Antenna solution
D21: RRU solution
D22: =N10 -> Sector 1 | O22: =V10 -> Sector 2 | Z22: =AD10 -> Sector 3
D23: Shot of Coverage objectives | O23: Shot of Coverage objectives | Z23: Shot of Coverage objectives
D33: RRU/RFU Location
D41: Overview of Antenna
E57: NEW AMB (specify) | P57: NEW AMB (specify) | AA57: NEW AMB (specify)
E59: REUSE AMB / REFURBISHMENT | P59: REUSE AMB / REFURBISHMENT | AA59: REUSE AMB / REFURBISHMENT
E60: AMB REFURBISHMENT | P60: AMB REFURBISHMENT | AA60: AMB REFURBISHMENT
D61: New Copper lightning arrester (16mm Ø x 1.5m): | AC61: pcs
D63: =D10 -> Proposal for L2600 | N63: Sector 4 | V63: Sector 5 | AD63: Sector 6
D64: Latitude (DLL) of Antenna
D65: Longitude (DLL) of Antenna
D66: Antenna Height (m)
D67: Antenna Orientation
D68: Down tilt (Mechanical)
D69: Down tilt (Electrical)
D70: Type/Model of Antenna
D71: Tech Antenna Shared with
D72: RRU Shared with/Combiner Type
D73: Antenna solution
D74: RRU solution
D75: =N63 -> Sector 4 | O75: =V63 -> Sector 5 | Z75: =AD63 -> Sector 6
D76: Shot of Coverage objectives | O76: Shot of Coverage objectives | Z76: Shot of Coverage objectives
D86: RRU/RFU Location
D94: Overview of Antenna
E110: NEW AMB (specify) | P110: NEW AMB (specify) | AA110: NEW AMB (specify)
E112: REUSE AMB / REFURBISHMENT | P112: REUSE AMB / REFURBISHMENT | AA112: REUSE AMB / REFURBISHMENT
D113: New Copper lightning arrester (16mm Ø x 1.5m): | AC113: pcs
C114: C8. Cable Interface | Z114: =D10 -> Proposal for L2600
D115: Power Cable: | AD115: LENGTH
D116: Cable Routing:
E117: Single Length of -48V from DCDU to RECTIFIER | AH117: m
E118: Single Length of -48V from RRU/RFU to DCDU | AA118: Sector 1 | AH118: m
AA119: Sector 2 | AH119: m
AA120: Sector 3 | AH120: m
AA121: Sector 4 | AH121: m
AA122: Sector 5 | AH122: m
AA123: Sector 6 | AH123: m
E125: Single Length of -48V from AAU to DCDU | AA125: Sector 1 | AH125: m
AA126: Sector 2 | AH126: m
AA127: Sector 3 | AH127: m
AA128: Sector 4 | AH128: m
AA129: Sector 5 | AH129: m
AA130: Sector 6 | AH130: m
D131: PGND Cable:
E132: Single Length of Grounding Cable from L-Rack to Grounding Busbar | AH132: m
E133: Single Length of Grounding Cable from RRU/RFU to Grounding Busbar | AH133: m
E134: Single Length of Grounding Cable from AAU to Grounding Busbar | AH134: m
E135: Single Length of Grounding Cable from New Tower Busbar to Test Pit | AH135: m
E136: Single Length of Grounding Cable from DCDU to L-Rack/Busbar | AH136: m
D137: Signal Cable:
E138: CPRI Cable | I138: Single Length of CPRI Cable from BBU to RRU/RFU
F139: Sector 1 | M139: m | O139: Sector 2 | V139: m | X139: Sector 3 | AE139: m
F140: Sector 4 | M140: m | O140: Sector 5 | V140: m | X140: Sector 6 | AE140: m
E141: CPRI Cable | I141: Single Length of CPRI Cable from BBU to AAU
F142: Sector 1 | M142: m | O142: Sector 2 | V142: m | X142: Sector 3 | AE142: m
F143: Sector 4 | M143: m | O143: Sector 5 | V143: m | X143: Sector 6 | AE143: m
E144: 1/2 Jumper Cable | K144: Single Length of 1/2" Jumper Cable from RRU/RFU to Antenna
F145: Sector 1 | M145: m | O145: Sector 2 | V145: m | X145: Sector 3 | AE145: m
F146: Sector 4 | M146: m | O146: Sector 5 | V146: m | X146: Sector 6 | AE146: m
E147: 1/2 Jumper Cable | K147: Single Length of 1/2" Jumper Cable x 2 from RRU/RFU to Feeder
F148: Sector 1 | M148: m | O148: Sector 2 | V148: m | X148: Sector 3 | AE148: m
F149: Sector 4 | M149: m | O149: Sector 5 | V149: m | X149: Sector 6 | AE149: m
E150: 1/2 Jumper Cable | K150: Single Length of 1/2" Jumper Cable x 2 from RRU/RFU to Combiner
F151: Sector 1 | M151: m | O151: Sector 2 | V151: m | X151: Sector 3 | AE151: m
F152: Sector 4 | M152: m | O152: Sector 5 | V152: m | X152: Sector 6 | AE152: m
E153: 1/2 Jumper Cable | K153: Single Length of 1/2" Jumper Cable x 2 from Combiner to Feeder
F154: Sector 1 | M154: m | O154: Sector 2 | V154: m | X154: Sector 3 | AE154: m
F155: Sector 4 | M155: m | O155: Sector 5 | V155: m | X155: Sector 6 | AE155: m
E156: 1/2 Jumper Cable | K156: Single Length of 1/2" Jumper Cable x 2 from Feeder to Antenna
F157: Sector 1 | M157: m | O157: Sector 2 | V157: m | X157: Sector 3 | AE157: m
F158: Sector 4 | M158: m | O158: Sector 5 | V158: m | X158: Sector 6 | AE158: m
E159: 7/8 Feeder Cable | K159: Single Length of 7/8" Feeder Cable x 2 from RRU/RFU to Antenna
F160: Sector 1 | M160: m | O160: Sector 2 | V160: m | X160: Sector 3 | AE160: m
F161: Sector 4 | M161: m | O161: Sector 5 | V161: m | X161: Sector 6 | AE161: m
E162: 13/8 Feeder Cable | K162: Single Length of 13/8" Feeder Cable x 2 from RRU/RFU to Antenna
F163: Sector 1 | M163: m | O163: Sector 2 | V163: m | X163: Sector 3 | AE163: m
F164: Sector 4 | M164: m | O164: Sector 5 | V164: m | X164: Sector 6 | AE164: m
D165: Connector Details
E166: Connector Type of Existing Antenna
E167: Connector Type of Existing RRU/RFU
E168: Connector Type of Existing Combiner
...

Sheet DAS-Proposed
J2: =#REF! -> #REF!
J3: Technical Site Survey Report
J4: Site Name / Search Ring Name : | O4: =#REF! -> #REF!
J5: PLA ID | O5: =#REF! -> #REF! | AP5: ist
C6: B5. DISTRIBUTED RF Antenna Information
C7: B5.1. Proposed RF Antenna Information
D9: Proposal for ------ | N9: Sector 1 | V9: Sector 2 | AD9: Sector 3
D10: Latitude (DLL) of Antenna
D11: Longitude (DLL) of Antenna
D12: ACL Antenna Height (m)
D13: Antenna Orientation
D14: Down tilt (Mechanical)
D15: Down tilt (Electrical)
D16: Type/Model of Antenna
D17: Shared Antenna with any technology
D18: RET in Deg/Combiner Connector | N18: N/A | V18: N/A | AD18: N/A
D19: RRU/Combiner Model
D20: RRU Shared with/Combiner Type
D21: AMB TYPE
D22: Tower type
D23: Tower/Pole Height (m)
D24: Building height (m) | R24: m | Z24: m | AH24: m
D25: Total Height (Bldg.+Tower) (m) | R25: =IF(N25=AJ25,"","m") | Z25: =IF(V25=AR25,"","m") | AH25: =IF(AD25=AZ25,"","m")
D26: Sector 1 | O26: Sector 2 | Z26: Sector 3
D27: Target Coverage Objectives | O27: Target Coverage Objectives | Z27: Target Coverage Objectives
D36: RRU/RFU Location
D44: Overview of Antenna
E60: NEW AMB (specify) | P60: NEW AMB (specify) | AA60: NEW AMB (specify)
E62: REUSE AMB / REFURBISHMENT | P62: REUSE AMB / REFURBISHMENT | AA62: REUSE AMB / REFURBISHMENT
D63: New Copper lightning arrester (16mm Ø x 1.5m): | AC63: pcs
C64: B5.1.1. Cable Interface
D65: Power Cable: | AD65: LENGTH
E66: Single Length of -48V from DCDU to RECTIFIER | AH66: m
E67: Single Length of -48V from RRU/RFU to DCDU | AA67: Sector 1 | AH67: m
AA68: Sector 2 | AH68: m
AA69: Sector 3 | AH69: m
D70: PGND Cable:
E71: Single Length of Grounding Cable from L-Rack to Grounding Busbar | AH71: m
E72: Single Length of Grounding Cable from RRU/RFU to Grounding Busbar | AH72: m
E73: Single Length of Grounding Cable from New Tower Busbar to Test Pit | AH73: m
E74: Single Length of Grounding Cable from DCDU to L-Rack/Busbar | AH74: m
D75: Signal Cable:
E76: CPRI Cable | I76: Single Length of CPRI Cable from BBU to RRU/RFU
F77: Sector 1 | M77: m | O77: Sector 2 | V77: m | X77: Sector 3 | AE77: m | AN77: Proposed dropdown with available lenghts | BF77: CPRI | BG77: Jumper
BG78: 2
E79: 1/2 Jumper Cable | K79: Single Length of 1/2" Jumper Cable from RRU/RFU to Antenna | BG79: 3
F80: Sector 1 | M80: m | O80: Sector 2 | V80: m | X80: Sector 3 | AE80: m | AN80: Proposed dropdown with available lenghts | BG80: 6
BG81: 10 (special case)
E82: 1/2 Jumper Cable | K82: Single Length of 1/2" Jumper Cable x 2 from RRU/RFU to Feeder | BG82: N/A
F83: Sector 1 | M83: m | O83: Sector 2 | V83: m | X83: Sector 3 | AE83: m | AN83: Proposed dropdown with available lenghts
E85: 1/2 Jumper Cable | K85: Single Length of 1/2" Jumper Cable x 2 from RRU/RFU to Combiner
F86: Sector 1 | M86: m | O86: Sector 2 | V86: m | X86: Sector 3 | AE86: m | AN86: Proposed dropdown with available lenghts
E88: 1/2 Jumper Cable | K88: Single Length of 1/2" Jumper Cable x 2 from Combiner to Feeder
F89: Sector 1 | M89: m | O89: Sector 2 | V89: m | X89: Sector 3 | AE89: m | AN89: Proposed dropdown with available lenghts
E91: 1/2 Jumper Cable | K91: Single Length of 1/2" Jumper Cable x 2 from Feeder to Antenna
F92: Sector 1 | M92: m | O92: Sector 2 | V92: m | X92: Sector 3 | AE92: m
E94: 7/8 Feeder Cable | K94: Single Length of 7/8" Feeder Cable x 2 from RRU/RFU to Antenna
F95: Sector 1 | M95: m | O95: Sector 2 | V95: m | X95: Sector 3 | AE95: m | AO95: 7/8 maximum is 40m only
E97: 13/8 Feeder Cable | K97: Single Length of 13/8" Feeder Cable x 2 from RRU/RFU to Antenna
F98: Sector 1 | M98: m | O98: Sector 2 | V98: m | X98: Sector 3 | AE98: m | AO98: 13/8 maximum is 60m only
D100: Connector Details
E101: Connector Type of Existing Antenna
E102: Connector Type of Existing RRU/RFU
E103: Connector Type of Existing Combiner
E104: Connector Type of New Combiner

Sheet X
B1: H.1 | I1: AC Power Source (Supply) Information
B3: Primary Power Source
B4: Power Provider
B5: Permanent or Temporary | P5: If Submetered Capacity (AT)
B6: H.2 | I6: Transformer Information
B8: Sharing | S8: If Yes, Indicative Capacity (Kva)
B9: Brand | O9: Capacity (kVA) | AB9: Type
B10: Wire Information | I10: Secondary Wire | R10: Distribution Wire | AF10: Drop Wire
B12: Wire Size (mm2) | I12: N/A | R12: N/A | AF12: N/A
B13: Length (m) | I13: N/A | R13: N/A | AF13: N/A
B14: Cable Type | I14: N/A | R14: N/A | AF14: N/A
B16: H.3 | I16: Other AC Components Information (ATS, MTS, MDP, ECB, ACPBDB)
B18: AC Details | G18: Class/Capacity | L18: Cable Size (mm2) | P18: Cable length (m) | W18: Status | AB18: Line Reading (Vac) | AE18: Line Reading 1 (Aac) | AI18: Line Reading 2 (Aac) | AL18: Line Reading 3 (Aac)
B20: KWHR Meter
B21: ACPDB
B22: ATS
B23: ECB
C24: SITE NAME:
B25: AC Photos and Details
B26: Picture of Transformer/Submetered Load | N26: Zoom in Picture for Capacity | AC26: Drop Wire
B45: ECB Line Reading | N45: ATS Reading | AC45: MTS Reading
B65: MDP | N65: MDP Breakers | AC65: MDP Output Voltage
B89: Line 1 Ampere | N89: Line 2 Ampere | AC89: Line 3 Ampere
B114: ACPDB Photos and Details
B115: ACPBD | N115: Photos | AC115: Remarks
B141: ACPDB Load Schedule
B142: No. | E142: Brand | G142: Rating | I142: No of Pole | N142: Load Description | S142: L1(A) | X142: L2(A) | AB142: Status | AH142: Remarks
B143: 1
B144: 2
B145: 3
B146: 4
B147: 5
B148: 6
B149: 7
B150: 8
B152: Single Line Diagram (SLD)
B153: SLD File | N153: Recommendation and Comment
B158: H.4 | I158: Genset and Fuel Tank Information
B160: No. | G160: Genset Capacity | M160: Condition | Q160: Type | X160: Exyernal Tank Fuel Capacity | AH160: Brand
B163: Picture of Existing Genset
J179: Existing DG | S179: Existing Fuel Tank | AF179: Basepad for DG and Fuel Tank

Sheet RS1-computation
H2: FFTH HORIZONTAL
H3: Technical Site Survey Report
H4: Site Name | M4: {{SITE_NAME}}
H5: PLA ID | M5: {{SITE_ID}}
B6: C7. Rectifer1 Computation
B7: C7.1. EXISTING RECTIFIER
C8: 1) EXISTING RECTIFIER SYSTEM BRAND - MODEL | Y8: {{rectifier_brand}}
C9: 2) MAXIMUM RECTIFIER MODULES / INSTALLED | Y9: 8 | AE9: {{max_modules}}
C10: 3) RECTIFIER MODULE RATING, WATTS / AMPS | Y10: {{module_rating_w}} | AE10: {{module_rating_a}}
C11: 4) BATTERY BRAND / VOLTAGE RATING | Y11: {{battery_brand}} | AE11: {{battery_voltage}}
C12: 5) NUMBER OF BATTERIES in BANKS / CAPACITY per CELL (AH) | Y12: {{battery_banks}} | AE12: {{battery_capacity_ah}}
C13: 6) PRESENT LOAD READING, PANEL DISPLAY / CLAMP METER (A) | Y13: {{present_load_a}} | AE13: Ampere
C14: 7) RECTIFIER MODULES IN OPERATION | Y14: {{modules_in_operation}} | AE14: modules
C15: 8) ACTUAL FLOAT VOLTAGE (V) | Y15: {{actual_float_voltage_v}} | AE15: Voltage
B17: C7.2. PROPOSED PDU/DCDU RECTIFIER LOAD SCHEDULE
D18: PROPOSED ADDITIONAL LOAD(S)
D19: Load No | G19: Equipment Type (Load Description) | O19: Power Rating (Watts) | S19: Current Rating (Amps) | W19: Cable Size (AWG) | Z19: Circuit Breaker Rating (Amps) | AE19: Deployment Remarks
C21: BAPE | D21: 1 | G21: NOKIA MF-2 | O21: 400 | S21: 7.4 | Z21: 16 | AL21: Power rating Autofill
D22: 2
D23: 3
D24: 4 | AL24: FRPA | AM24: 934
D25: 5 | AL25: FHEL | AM25: 1353
D26: TOTAL: | S26: =(SUM(S21:V25)) -> 7.4 | AL26: AZNA | AM26: 1272
AL27: AZHA | AM27: 1338
D28: Total Full Load Current = | L28: Existing Load + Proposed Load (100% of Rated Load) = | Z28: =Y13+S26 -> #VALUE! | AD28: Amps | AL28: MIMO26N | AM28: 1300
G29: Existing Rectifier Capacity: | P29: No. Modules x Ampere Capacity | Y29: = | Z29: =Y14*AE10 -> #VALUE! | AD29: Amps
G30: Existing Battery Capacity: | P30: No. of Batt Banks x Batt Capacity | Y30: = | Z30: =Y12*AE12 -> #VALUE! | AD30: AH
C32: RECTIFIER SUFFICIENCY COMPUTATION:
C34: Available Rectifier Capacity = | L34: Existing Rectifier Capacity - (Total Full Load Current) - (10% of Battery Capacity)
L35: - Rectifier Module Current Rating
C36: Available Rectifier Capacity = | L36: =Z29 -> #VALUE! | O36: Amps - | R36: =Z28 -> #VALUE! | U36: Amps - | X36: ( | Y36: =Z30 -> #VALUE! | AA36: * | AB36: 0.05) | AD36: - | AE36: =AE10 -> {{module_rating_a}} | AH36: Amps | AL36: 179.78 Amps - 67.99 Amps - (400*0.1) - 44.94 Amps
C37: Available Rectifier Capacity = | L37: =Z29-Z28-(Z30*0.05)-AE10 -> #VALUE! | Q37: Amperes | T37: (if result value is negative, provision of additional module is required)
C38: Percent Utilization (TLC/Existing Rectifier Capacity) | R38: = | S38: =Z28/Z29 -> #VALUE! | AL38: If % utilization is >59% add module
C40: BATTERY BACK-UP TIME COMPUTATION:
C42: BBUT = | F42: BATTERY CAPACITY (AMPERE-HOUR) / FUTURE TOTAL LOAD (AMPERE)
C43: BBUT = | F43: =Z30/Z28 -> #VALUE! | I43: Hours
B45: C7.3. END-STATE SUFFICIENCY COMPUTATION: | R45: (applicable only if there will be new Rectifier System or Upgraded Module)
C47: Available Rectifier Capacity = | L47: (Future Rectifier Capacity - (Total Full Load Current) - (10% of Battery Capacity)
L48: - Rectifier Module Current Rating | AK48: 37.45 | AL48: 7 | AM48: =AK48*AL48 -> 262.15
C49: Available Rectifier Capacity =
C50: Available Rectifier Capacity = | Q50: Amperes | T50: (if result value is negative, provision of additional module is required)
C51: Percent Utilization (TLC/Existing Rectifier Capacity) | R51: =
C53: BATTERY BACK-UP TIME COMPUTATION:
C55: BBUT = | F55: BATTERY CAPACITY (AMPERE-HOUR) / FUTURE TOTAL LOAD (AMPERE)
C56: BBUT = | I56: Hours
B58: C7.4. EQUIPMENT FOR DECOMMISION: (Applicable for sites with identified equipment for decomisioning)
C60: 1.) | D60: WIMAX BTS | G60: NOKIA | K60: : | O60: Amperes | R60: (value from clampmeter reading)
C61: 2.) | D61: WIMAX TRANSPORT | K61: : | O61: Amperes | R61: (value from clampmeter reading)
D62: TOTAL FOR DECOM | G62: Calvin Quidato / 09369593326 | K62: : | O62: Amperes
C64: DC POWER SUFFICIENCY ASSESSMENT AND PROPOSAL:

Sheet RS2-computation
H2: FFTH HORIZONTAL
H3: Technical Site Survey Report
H4: Site Name | M4: {{SITE_NAME}}
H5: PLA ID | M5: {{SITE_ID}}
B6: C7. Rectifer1 Computation
B7: C7.1. EXISTING RECTIFIER
C8: 1) EXISTING RECTIFIER SYSTEM BRAND - MODEL | Y8: {{rectifier_brand}} | AK8: {{rectifier_brand}}
C9: 2) MAXIMUM RECTIFIER MODULES / INSTALLED | Y9: 8 | AE9: {{max_modules}} | AK9: 8 | AQ9: {{max_modules}}
C10: 3) RECTIFIER MODULE RATING, WATTS / AMPS | Y10: {{module_rating_w}} | AE10: {{module_rating_a}} | AK10: {{module_rating_w}} | AQ10: {{module_rating_a}}
C11: 4) BATTERY BRAND / VOLTAGE RATING | Y11: {{battery_brand}} | AE11: {{battery_voltage}} | AK11: {{battery_brand}} | AQ11: {{battery_voltage}}
C12: 5) NUMBER OF BATTERIES in BANKS / CAPACITY per CELL (AH) | Y12: {{battery_banks}} | AE12: {{battery_capacity_ah}} | AK12: {{battery_banks}} | AQ12: {{battery_capacity_ah}}
C13: 6) PRESENT LOAD READING, PANEL DISPLAY / CLAMP METER (A) | Y13: {{present_load_a}} | AE13: Ampere | AK13: {{present_load_a}} | AQ13: Ampere
C14: 7) RECTIFIER MODULES IN OPERATION | Y14: {{modules_in_operation}} | AE14: modules | AK14: {{modules_in_operation}} | AQ14: modules
C15: 8) ACTUAL FLOAT VOLTAGE (V) | Y15: {{actual_float_voltage_v}} | AE15: Voltage | AK15: {{actual_float_voltage_v}} | AQ15: Voltage
B17: C7.2. PROPOSED PDU/DCDU RECTIFIER LOAD SCHEDULE
D18: PROPOSED ADDITIONAL LOAD(S)
D19: Load No | G19: Equipment Type (Load Description) | O19: Power Rating (Watts) | S19: Current Rating (Amps) | W19: Cable Size (AWG) | Z19: Circuit Breaker Rating (Amps) | AE19: Deployment Remarks
C21: BAPE | D21: 1 | G21: NOKIA MF-2 | O21: 400 | S21: 7.4 | Z21: 16 | AL21: Power rating Autofill
D22: 2
D23: 3
D24: 4 | AL24: FRPA | AM24: 934
D25: 5 | AL25: FHEL | AM25: 1353
D26: TOTAL: | S26: =(SUM(S21:V25)) -> 7.4 | AL26: AZNA | AM26: 1272
AL27: AZHA | AM27: 1338
D28: Total Full Load Current = | L28: Existing Load + Proposed Load (100% of Rated Load) = | Z28: =Y13+S26 -> #VALUE! | AD28: Amps | AL28: MIMO26N | AM28: 1300
G29: Existing Rectifier Capacity: | P29: No. Modules x Ampere Capacity | Y29: = | Z29: =Y14*AE10 -> #VALUE! | AD29: Amps
G30: Existing Battery Capacity: | P30: No. of Batt Banks x Batt Capacity | Y30: = | Z30: =Y12*AE12 -> #VALUE! | AD30: AH
C32: RECTIFIER SUFFICIENCY COMPUTATION:
C34: Available Rectifier Capacity = | L34: Existing Rectifier Capacity - (Total Full Load Current) - (10% of Battery Capacity)
L35: - Rectifier Module Current Rating
C36: Available Rectifier Capacity = | L36: =Z29 -> #VALUE! | O36: Amps - | R36: =Z28 -> #VALUE! | U36: Amps - | X36: ( | Y36: =Z30 -> #VALUE! | AA36: * | AB36: 0.05) | AD36: - | AE36: =AE10 -> {{module_rating_a}} | AH36: Amps | AL36: 179.78 Amps - 67.99 Amps - (400*0.1) - 44.94 Amps
C37: Available Rectifier Capacity = | L37: =Z29-Z28-(Z30*0.05)-AE10 -> #VALUE! | Q37: Amperes | T37: (if result value is negative, provision of additional module is required)
C38: Percent Utilization (TLC/Existing Rectifier Capacity) | R38: = | S38: =Z28/Z29 -> #VALUE! | AL38: If % utilization is >59% add module
C40: BATTERY BACK-UP TIME COMPUTATION:
C42: BBUT = | F42: BATTERY CAPACITY (AMPERE-HOUR) / FUTURE TOTAL LOAD (AMPERE)
C43: BBUT = | F43: =Z30/Z28 -> #VALUE! | I43: Hours
B45: C7.3. END-STATE SUFFICIENCY COMPUTATION: | R45: (applicable only if there will be new Rectifier System or Upgraded Module)
C47: Available Rectifier Capacity = | L47: (Future Rectifier Capacity - (Total Full Load Current) - (10% of Battery Capacity)
L48: - Rectifier Module Current Rating | AK48: 37.45 | AL48: 7 | AM48: =AK48*AL48 -> 262.15
C49: Available Rectifier Capacity =
C50: Available Rectifier Capacity = | Q50: Amperes | T50: (if result value is negative, provision of additional module is required)
C51: Percent Utilization (TLC/Existing Rectifier Capacity) | R51: =
C53: BATTERY BACK-UP TIME COMPUTATION:
C55: BBUT = | F55: BATTERY CAPACITY (AMPERE-HOUR) / FUTURE TOTAL LOAD (AMPERE)
C56: BBUT = | I56: Hours
B58: C7.4. EQUIPMENT FOR DECOMMISION: (Applicable for sites with identified equipment for decomisioning)
C60: 1.) | D60: WIMAX BTS | G60: NOKIA | K60: : | O60: Amperes | R60: (value from clampmeter reading)
C61: 2.) | D61: WIMAX TRANSPORT | K61: : | O61: Amperes | R61: (value from clampmeter reading)
D62: TOTAL FOR DECOM | G62: Calvin Quidato / 09369593326 | K62: : | O62: Amperes
C64: DC POWER SUFFICIENCY ASSESSMENT AND PROPOSAL:

Sheet RS3-computation
H2: FFTH HORIZONTAL
H3: Technical Site Survey Report
H4: Site Name | M4: {{SITE_NAME}}
H5: PLA ID | M5: {{SITE_ID}}
B6: C7. Rectifer1 Computation
B7: C7.1. EXISTING RECTIFIER
C8: 1) EXISTING RECTIFIER SYSTEM BRAND - MODEL | Y8: {{rectifier_brand}}
C9: 2) MAXIMUM RECTIFIER MODULES / INSTALLED | Y9: 8 | AE9: {{max_modules}}
C10: 3) RECTIFIER MODULE RATING, WATTS / AMPS | Y10: {{module_rating_w}} | AE10: {{module_rating_a}}
C11: 4) BATTERY BRAND / VOLTAGE RATING | Y11: {{battery_brand}} | AE11: {{battery_voltage}}
C12: 5) NUMBER OF BATTERIES in BANKS / CAPACITY per CELL (AH) | Y12: {{battery_banks}} | AE12: {{battery_capacity_ah}}
C13: 6) PRESENT LOAD READING, PANEL DISPLAY / CLAMP METER (A) | Y13: {{present_load_a}} | AE13: Ampere
C14: 7) RECTIFIER MODULES IN OPERATION | Y14: {{modules_in_operation}} | AE14: modules
C15: 8) ACTUAL FLOAT VOLTAGE (V) | Y15: {{actual_float_voltage_v}} | AE15: Voltage
B17: C7.2. PROPOSED PDU/DCDU RECTIFIER LOAD SCHEDULE
D18: PROPOSED ADDITIONAL LOAD(S)
D19: Load No | G19: Equipment Type (Load Description) | O19: Power Rating (Watts) | S19: Current Rating (Amps) | W19: Cable Size (AWG) | Z19: Circuit Breaker Rating (Amps) | AE19: Deployment Remarks
C21: BAPE | D21: 1 | G21: NOKIA MF-2 | O21: 400 | S21: 7.4 | Z21: 16 | AL21: Power rating Autofill
D22: 2
D23: 3
D24: 4 | AL24: FRPA | AM24: 934
D25: 5 | AL25: FHEL | AM25: 1353
D26: TOTAL: | S26: =(SUM(S21:V25)) -> 7.4 | AL26: AZNA | AM26: 1272
AL27: AZHA | AM27: 1338
D28: Total Full Load Current = | L28: Existing Load + Proposed Load (100% of Rated Load) = | Z28: =Y13+S26 -> #VALUE! | AD28: Amps | AL28: MIMO26N | AM28: 1300
G29: Existing Rectifier Capacity: | P29: No. Modules x Ampere Capacity | Y29: = | Z29: =Y14*AE10 -> #VALUE! | AD29: Amps
G30: Existing Battery Capacity: | P30: No. of Batt Banks x Batt Capacity | Y30: = | Z30: =Y12*AE12 -> #VALUE! | AD30: AH
C32: RECTIFIER SUFFICIENCY COMPUTATION:
C34: Available Rectifier Capacity = | L34: Existing Rectifier Capacity - (Total Full Load Current) - (10% of Battery Capacity)
L35: - Rectifier Module Current Rating
C36: Available Rectifier Capacity = | L36: =Z29 -> #VALUE! | O36: Amps - | R36: =Z28 -> #VALUE! | U36: Amps - | X36: ( | Y36: =Z30 -> #VALUE! | AA36: * | AB36: 0.05) | AD36: - | AE36: =AE10 -> {{module_rating_a}} | AH36: Amps | AL36: 179.78 Amps - 67.99 Amps - (400*0.1) - 44.94 Amps
C37: Available Rectifier Capacity = | L37: =Z29-Z28-(Z30*0.05)-AE10 -> #VALUE! | Q37: Amperes | T37: (if result value is negative, provision of additional module is required)
C38: Percent Utilization (TLC/Existing Rectifier Capacity) | R38: = | S38: =Z28/Z29 -> #VALUE! | AL38: If % utilization is >59% add module
C40: BATTERY BACK-UP TIME COMPUTATION:
C42: BBUT = | F42: BATTERY CAPACITY (AMPERE-HOUR) / FUTURE TOTAL LOAD (AMPERE)
C43: BBUT = | F43: =Z30/Z28 -> #VALUE! | I43: Hours
B45: C7.3. END-STATE SUFFICIENCY COMPUTATION: | R45: (applicable only if there will be new Rectifier System or Upgraded Module)
C47: Available Rectifier Capacity = | L47: (Future Rectifier Capacity - (Total Full Load Current) - (10% of Battery Capacity)
L48: - Rectifier Module Current Rating | AK48: 37.45 | AL48: 7 | AM48: =AK48*AL48 -> 262.15
C49: Available Rectifier Capacity =
C50: Available Rectifier Capacity = | Q50: Amperes | T50: (if result value is negative, provision of additional module is required)
C51: Percent Utilization (TLC/Existing Rectifier Capacity) | R51: =
C53: BATTERY BACK-UP TIME COMPUTATION:
C55: BBUT = | F55: BATTERY CAPACITY (AMPERE-HOUR) / FUTURE TOTAL LOAD (AMPERE)
C56: BBUT = | I56: Hours
B58: C7.4. EQUIPMENT FOR DECOMMISION: (Applicable for sites with identified equipment for decomisioning)
C60: 1.) | D60: WIMAX BTS | G60: NOKIA | K60: : | O60: Amperes | R60: (value from clampmeter reading)
C61: 2.) | D61: WIMAX TRANSPORT | K61: : | O61: Amperes | R61: (value from clampmeter reading)
D62: TOTAL FOR DECOM | G62: Calvin Quidato / 09369593326 | K62: : | O62: Amperes
C64: DC POWER SUFFICIENCY ASSESSMENT AND PROPOSAL:

Sheet RS4-computation
H2: FFTH HORIZONTAL
H3: Technical Site Survey Report
H4: Site Name | M4: {{SITE_NAME}}
H5: PLA ID | M5: {{SITE_ID}}
B6: C7. Rectifer1 Computation
B7: C7.1. EXISTING RECTIFIER
C8: 1) EXISTING RECTIFIER SYSTEM BRAND - MODEL | Y8: {{rectifier_brand}}
C9: 2) MAXIMUM RECTIFIER MODULES / INSTALLED | Y9: 8 | AE9: {{max_modules}}
C10: 3) RECTIFIER MODULE RATING, WATTS / AMPS | Y10: {{module_rating_w}} | AE10: {{module_rating_a}}
C11: 4) BATTERY BRAND / VOLTAGE RATING | Y11: {{battery_brand}} | AE11: {{battery_voltage}}
C12: 5) NUMBER OF BATTERIES in BANKS / CAPACITY per CELL (AH) | Y12: {{battery_banks}} | AE12: {{battery_capacity_ah}}
C13: 6) PRESENT LOAD READING, PANEL DISPLAY / CLAMP METER (A) | Y13: {{present_load_a}} | AE13: Ampere
C14: 7) RECTIFIER MODULES IN OPERATION | Y14: {{modules_in_operation}} | AE14: modules
C15: 8) ACTUAL FLOAT VOLTAGE (V) | Y15: {{actual_float_voltage_v}} | AE15: Voltage
B17: C7.2. PROPOSED PDU/DCDU RECTIFIER LOAD SCHEDULE
D18: PROPOSED ADDITIONAL LOAD(S)
D19: Load No | G19: Equipment Type (Load Description) | O19: Power Rating (Watts) | S19: Current Rating (Amps) | W19: Cable Size (AWG) | Z19: Circuit Breaker Rating (Amps) | AE19: Deployment Remarks
C21: BAPE | D21: 1 | G21: NOKIA MF-2 | O21: 400 | S21: 7.4 | Z21: 16 | AL21: Power rating Autofill
D22: 2
D23: 3
D24: 4 | AL24: FRPA | AM24: 934
D25: 5 | AL25: FHEL | AM25: 1353
D26: TOTAL: | S26: =(SUM(S21:V25)) -> 7.4 | AL26: AZNA | AM26: 1272
AL27: AZHA | AM27: 1338
D28: Total Full Load Current = | L28: Existing Load + Proposed Load (100% of Rated Load) = | Z28: =Y13+S26 -> #VALUE! | AD28: Amps | AL28: MIMO26N | AM28: 1300
G29: Existing Rectifier Capacity: | P29: No. Modules x Ampere Capacity | Y29: = | Z29: =Y14*AE10 -> #VALUE! | AD29: Amps
G30: Existing Battery Capacity: | P30: No. of Batt Banks x Batt Capacity | Y30: = | Z30: =Y12*AE12 -> #VALUE! | AD30: AH
C32: RECTIFIER SUFFICIENCY COMPUTATION:
C34: Available Rectifier Capacity = | L34: Existing Rectifier Capacity - (Total Full Load Current) - (10% of Battery Capacity)
L35: - Rectifier Module Current Rating
C36: Available Rectifier Capacity = | L36: =Z29 -> #VALUE! | O36: Amps - | R36: =Z28 -> #VALUE! | U36: Amps - | X36: ( | Y36: =Z30 -> #VALUE! | AA36: * | AB36: 0.05) | AD36: - | AE36: =AE10 -> {{module_rating_a}} | AH36: Amps | AL36: 179.78 Amps - 67.99 Amps - (400*0.1) - 44.94 Amps
C37: Available Rectifier Capacity = | L37: =Z29-Z28-(Z30*0.05)-AE10 -> #VALUE! | Q37: Amperes | T37: (if result value is negative, provision of additional module is required)
C38: Percent Utilization (TLC/Existing Rectifier Capacity) | R38: = | S38: =Z28/Z29 -> #VALUE! | AL38: If % utilization is >59% add module
C40: BATTERY BACK-UP TIME COMPUTATION:
C42: BBUT = | F42: BATTERY CAPACITY (AMPERE-HOUR) / FUTURE TOTAL LOAD (AMPERE)
C43: BBUT = | F43: =Z30/Z28 -> #VALUE! | I43: Hours
B45: C7.3. END-STATE SUFFICIENCY COMPUTATION: | R45: (applicable only if there will be new Rectifier System or Upgraded Module)
C47: Available Rectifier Capacity = | L47: (Future Rectifier Capacity - (Total Full Load Current) - (10% of Battery Capacity)
L48: - Rectifier Module Current Rating | AK48: 37.45 | AL48: 7 | AM48: =AK48*AL48 -> 262.15
C49: Available Rectifier Capacity =
C50: Available Rectifier Capacity = | Q50: Amperes | T50: (if result value is negative, provision of additional module is required)
C51: Percent Utilization (TLC/Existing Rectifier Capacity) | R51: =
C53: BATTERY BACK-UP TIME COMPUTATION:
C55: BBUT = | F55: BATTERY CAPACITY (AMPERE-HOUR) / FUTURE TOTAL LOAD (AMPERE)
C56: BBUT = | I56: Hours
B58: C7.4. EQUIPMENT FOR DECOMMISION: (Applicable for sites with identified equipment for decomisioning)
C60: 1.) | D60: WIMAX BTS | G60: NOKIA | K60: : | O60: Amperes | R60: (value from clampmeter reading)
C61: 2.) | D61: WIMAX TRANSPORT | K61: : | O61: Amperes | R61: (value from clampmeter reading)
D62: TOTAL FOR DECOM | G62: Calvin Quidato / 09369593326 | K62: : | O62: Amperes
C64: DC POWER SUFFICIENCY ASSESSMENT AND PROPOSAL:

Sheet RS3-computation (existing)
H2: ='RS2-computation (existing)'!H2:AD2 -> #REF!
H3: Technical Site Survey Report
H4: Site Name | M4: ='RS2-computation (existing)'!M4:AD4 -> #REF!
H5: PLA ID | M5: ='RS2-computation (existing)'!M5:AD5 -> #REF!
B6: C7. Rectifer3 Computation
B7: C7.1. EXISTING RECTIFIER
C8: 1) EXISTING RECTIFIER SYSTEM BRAND - MODEL | Y8: =#REF! -> #REF!
C9: 2) MAXIMUM RECTIFIER MODULES / INSTALLED | Y9: =#REF!+#REF! -> #REF! | AE9: =#REF! -> #REF!
C10: 3) RECTIFIER MODULE RATING, WATTS / AMPS | Y10: =#REF! -> #REF! | AE10: =#REF! -> #REF!
C11: 4) BATTERY BRAND / VOLTAGE RATING | Y11: =#REF! -> #REF! | AE11: =#REF! -> #REF!
C12: 5) NUMBER OF BATTERIES in BANKS / CAPACITY per CELL (AH) | Y12: =#REF! -> #REF! | AE12: =#REF! -> #REF!
C13: 6) PRESENT LOAD READING, PANEL DISPLAY / CLAMP METER (A) | Y13: =#REF! -> #REF! | AE13: Ampere
C14: 7) RECTIFIER MODULES IN OPERATION | Y14: 4 | AE14: modules
C15: 8) ACTUAL FLOAT VOLTAGE (V) | Y15: =#REF! -> #REF! | AE15: Voltage
B17: C7.2. PROPOSED PDU/DCDU RECTIFIER LOAD SCHEDULE
D18: PROPOSED ADDITIONAL LOAD(S)
D19: Load No | G19: Equipment Type (Load Description) | O19: Power Rating (Watts) | S19: Current Rating (Amps) | W19: Cable Size (AWG) | Z19: Circuit Breaker Rating (Amps) | AE19: Deployment Remarks
D21: 1 | AL21: Power rating Autofill
D22: 2
D23: 3
D24: 4
D25: 5
D26: 6
D27: 7
D28: TOTAL: | S28: =(SUM(S21:V27)) -> 0
D30: Total Full Load Current = | L30: Existing Load + Proposed Load (100% of Rated Load) = | Z30: =Y13+S28 -> #REF! | AD30: Amps
G31: Existing Rectifier Capacity: | P31: No. Modules x Ampere Capacity | Y31: = | Z31: =Y14*AE10 -> #REF! | AD31: Amps
G32: Existing Battery Capacity: | P32: No. of Batt Banks x Batt Capacity | Y32: = | Z32: =Y12*AE12 -> #REF! | AD32: AH
C34: RECTIFIER SUFFICIENCY COMPUTATION:
C36: Available Rectifier Capacity = | L36: Existing Rectifier Capacity - (Total Full Load Current) - (10% of Battery Capacity)
L37: - Rectifier Module Current Rating
C38: Available Rectifier Capacity = | L38: =Z31 -> #REF! | O38: Amps - | R38: =Z30 -> #REF! | U38: Amps - | X38: ( | Y38: =Z32 -> #REF! | AA38: * | AB38: 0.05) | AD38: - | AE38: =AE10 -> #REF! | AH38: Amps | AL38: 179.78 Amps - 67.99 Amps - (400*0.1) - 44.94 Amps
C39: Available Rectifier Capacity = | L39: =Z31-Z30-(Z32*0.05)-AE10 -> #REF! | Q39: Amperes | T39: (if result value is negative, provision of additional module is required)
C40: Percent Utilization (TLC/Existing Rectifier Capacity) | R40: = | S40: =Z30/Z31 -> #REF! | AL40: If % utilization is >59% add module
C42: BATTERY BACK-UP TIME COMPUTATION:
C44: BBUT = | F44: BATTERY CAPACITY (AMPERE-HOUR) / FUTURE TOTAL LOAD (AMPERE)
C45: BBUT = | F45: =Z32/Z30 -> #REF! | I45: Hours
B47: C7.3. END-STATE SUFFICIENCY COMPUTATION: | R47: (applicable only if there will be new Rectifier System or Upgraded Module)
C49: Available Rectifier Capacity = | L49: (Future Rectifier Capacity - (Total Full Load Current) - (10% of Battery Capacity)
L50: - Rectifier Module Current Rating | AK50: 37.45 | AL50: 7 | AM50: =AK50*AL50 -> 262.15
C51: Available Rectifier Capacity =
C52: Available Rectifier Capacity = | Q52: Amperes | T52: (if result value is negative, provision of additional module is required)
C53: Percent Utilization (TLC/Existing Rectifier Capacity) | R53: =
C55: BATTERY BACK-UP TIME COMPUTATION:
C57: BBUT = | F57: BATTERY CAPACITY (AMPERE-HOUR) / FUTURE TOTAL LOAD (AMPERE)
C58: BBUT = | F58: =Z32/Z30 -> #REF! | I58: Hours
B60: C7.4. EQUIPMENT FOR DECOMMISION: (Applicable for sites with identified equipment for decomisioning)
C62: 1.) | D62: WIMAX BTS | K62: : | O62: Amperes | R62: (value from clampmeter reading)
C63: 2.) | D63: WIMAX TRANSPORT | K63: : | O63: Amperes | R63: (value from clampmeter reading)
D64: TOTAL FOR DECOM | K64: : | O64: Amperes
C66: DC POWER SUFFICIENCY ASSESSMENT AND PROPOSAL:
C73: NOTE: Add pages if rectifier is more than one
AJ81: Equipment | AL81: Power Rating (Watts) | AM81: Circuit Breaker Rating
AJ82: RRU3268 (L700) S1 | AL82: 283.33333 | AM82: 1 x 63AT
AJ83: RRU3268 (L700) S2 | AL83: 283.33333 | AM83: 1 x 63AT
AJ84: RRU3268 (L700) S3 | AL84: 283.33333 | AM84: 1 x 63AT
AJ85: RRU3268 (L700) S1,S2 | AL85: 566.66667 | AM85: 1 x 63AT
AJ86: RRU3268 (L700) S1,S3 | AL86: 566.66667 | AM86: 1 x 63AT
AJ87: RRU3268 (L700) S2,S3 | AL87: 566.66667 | AM87: 1 x 63AT
AJ88: RRU3268 (L700) S1,S2,S3 | AL88: 850 | AM88: 1 x 63AT
AJ89: RRU5909 (GU900) S1 | AL89: 380 | AM89: 1 x 63AT
AJ90: RRU5909 (GU900) S2 | AL90: 380 | AM90: 1 x 63AT
AJ91: RRU5909 (GU900) S3 | AL91: 380 | AM91: 1 x 63AT
AJ92: RRU5909 (GU900) S1,S2 | AL92: 760 | AM92: 1 x 63AT
AJ93: RRU5909 (GU900) S1,S3 | AL93: 760 | AM93: 1 x 63AT
... AJ612: NA | AL612: 0 | AM612: NA

Sheet RS4-computation (existing)
H2: ='RS3-computation (existing)'!H2:AD2 -> #REF!
H3: Technical Site Survey Report
H4: Site Name | M4: ='RS3-computation (existing)'!M4:AD4 -> #REF!
H5: PLA ID | M5: ='RS3-computation (existing)'!M5:AD5 -> #REF!
B6: C7. Rectifer4 Computation
B7: C7.1. EXISTING RECTIFIER 4
C8: 1) EXISTING RECTIFIER SYSTEM BRAND - MODEL | Y8: =#REF! -> #REF!
C9: 2) MAXIMUM RECTIFIER MODULES / INSTALLED | Y9: =#REF!+#REF! -> #REF! | AE9: =#REF! -> #REF!
C10: 3) RECTIFIER MODULE RATING, WATTS / AMPS | Y10: =#REF! -> #REF! | AE10: =#REF! -> #REF!
C11: 4) BATTERY BRAND / VOLTAGE RATING | Y11: =#REF! -> #REF! | AE11: =#REF! -> #REF!
C12: 5) NUMBER OF BATTERIES in BANKS / CAPACITY per CELL (AH) | Y12: =#REF! -> #REF! | AE12: =#REF! -> #REF!
C13: 6) PRESENT LOAD READING, PANEL DISPLAY / CLAMP METER (A) | Y13: =#REF! -> #REF! | AE13: Ampere
C14: 7) RECTIFIER MODULES IN OPERATION | Y14: =#REF! -> #REF! | AE14: modules
C15: 8) ACTUAL FLOAT VOLTAGE (V) | Y15: =#REF! -> #REF! | AE15: Voltage
B17: C7.2. PROPOSED PDU/DCDU RECTIFIER LOAD SCHEDULE
D18: PROPOSED ADDITIONAL LOAD(S)
D19: Load No | G19: Equipment Type (Load Description) | O19: Power Rating (Watts) | S19: Current Rating (Amps) | W19: Cable Size (AWG) | Z19: Circuit Breaker Rating (Amps) | AE19: Deployment Remarks
D21: 1 | AL21: Power rating Autofill
D22: 2
D23: 3
D24: 4
D25: 5
D26: 6
D27: 7
D28: TOTAL: | S28: =(SUM(S21:V27)) -> 0
D30: Total Full Load Current = | L30: Existing Load + Proposed Load (100% of Rated Load) = | Z30: =Y13+S28 -> #REF! | AD30: Amps
G31: Existing Rectifier Capacity: | P31: No. Modules x Ampere Capacity | Y31: = | Z31: =Y14*AE10 -> #REF! | AD31: Amps
G32: Existing Battery Capacity: | P32: No. of Batt Banks x Batt Capacity | Y32: = | Z32: =Y12*AE12 -> #REF! | AD32: AH
C34: RECTIFIER SUFFICIENCY COMPUTATION:
C36: Available Rectifier Capacity = | L36: Existing Rectifier Capacity - (Total Full Load Current) - (10% of Battery Capacity)
L37: - Rectifier Module Current Rating
C38: Available Rectifier Capacity = | L38: =Z31 -> #REF! | O38: Amps - | R38: =Z30 -> #REF! | U38: Amps - | X38: ( | Y38: =Z32 -> #REF! | AA38: * | AB38: 0.05) | AD38: - | AE38: =AE10 -> #REF! | AH38: Amps | AL38: 179.78 Amps - 67.99 Amps - (400*0.1) - 44.94 Amps
C39: Available Rectifier Capacity = | L39: =Z31-Z30-(Z32*0.05)-AE10 -> #REF! | Q39: Amperes | T39: (if result value is negative, provision of additional module is required)
C40: Percent Utilization (TLC/Existing Rectifier Capacity) | R40: = | S40: =Z30/Z31 -> #REF! | AL40: If % utilization is >59% add module
C42: BATTERY BACK-UP TIME COMPUTATION:
C44: BBUT = | F44: BATTERY CAPACITY (AMPERE-HOUR) / FUTURE TOTAL LOAD (AMPERE)
C45: BBUT = | F45: =Z32/Z30 -> #REF! | I45: Hours
B47: C7.3. END-STATE SUFFICIENCY COMPUTATION: | R47: (applicable only if there will be new Rectifier System or Upgraded Module)
C49: Available Rectifier Capacity = | L49: (Future Rectifier Capacity - (Total Full Load Current) - (10% of Battery Capacity)
L50: - Rectifier Module Current Rating | AK50: 37.45 | AL50: 7 | AM50: =AK50*AL50 -> 262.15
C51: Available Rectifier Capacity =
C52: Available Rectifier Capacity = | Q52: Amperes | T52: (if result value is negative, provision of additional module is required)
C53: Percent Utilization (TLC/Existing Rectifier Capacity) | R53: =
C55: BATTERY BACK-UP TIME COMPUTATION:
C57: BBUT = | F57: BATTERY CAPACITY (AMPERE-HOUR) / FUTURE TOTAL LOAD (AMPERE)
C58: BBUT = | F58: =Z32/Z30 -> #REF! | I58: Hours
B60: C7.4. EQUIPMENT FOR DECOMMISION: (Applicable for sites with identified equipment for decomisioning)
C62: 1.) | D62: WIMAX BTS | K62: : | O62: Amperes | R62: (value from clampmeter reading)
C63: 2.) | D63: WIMAX TRANSPORT | K63: : | O63: Amperes | R63: (value from clampmeter reading)
D64: TOTAL FOR DECOM | K64: : | O64: Amperes
C66: DC POWER SUFFICIENCY ASSESSMENT AND PROPOSAL:
C73: NOTE: Add pages if rectifier is more than one
AJ81: Equipment | AL81: Power Rating (Watts) | AM81: Circuit Breaker Rating
AJ82: RRU3268 (L700) S1 | AL82: 283.33333 | AM82: 1 x 63AT
AJ83: RRU3268 (L700) S2 | AL83: 283.33333 | AM83: 1 x 63AT
AJ84: RRU3268 (L700) S3 | AL84: 283.33333 | AM84: 1 x 63AT
AJ85: RRU3268 (L700) S1,S2 | AL85: 566.66667 | AM85: 1 x 63AT
AJ86: RRU3268 (L700) S1,S3 | AL86: 566.66667 | AM86: 1 x 63AT
AJ87: RRU3268 (L700) S2,S3 | AL87: 566.66667 | AM87: 1 x 63AT
AJ88: RRU3268 (L700) S1,S2,S3 | AL88: 850 | AM88: 1 x 63AT
AJ89: RRU5909 (GU900) S1 | AL89: 380 | AM89: 1 x 63AT
AJ90: RRU5909 (GU900) S2 | AL90: 380 | AM90: 1 x 63AT
AJ91: RRU5909 (GU900) S3 | AL91: 380 | AM91: 1 x 63AT
AJ92: RRU5909 (GU900) S1,S2 | AL92: 760 | AM92: 1 x 63AT
AJ93: RRU5909 (GU900) S1,S3 | AL93: 760 | AM93: 1 x 63AT
... AJ612: NA | AL612: 0 | AM612: NA

Sheet C RC-FE (proposed)
H2: ='RS4-computation (existing)'!H2:AD2 -> #REF!
H3: Technical Site Survey Report
H4: Site Name | M4: ='RS4-computation (existing)'!M4:AD4 -> #REF!
H5: PLA ID | M5: ='RS4-computation (existing)'!M5:AD5 -> #REF!
B6: C8. Proposed Rectifer Computation
B7: C8.1. PROPOSED RECTIFIER
C8: 1) EXISTING RECTIFIER SYSTEM BRAND - MODEL
C9: 2) MAXIMUM RECTIFIER MODULES / INSTALLED
C10: 3) RECTIFIER MODULE RATING, WATTS / AMPS
C11: 4) BATTERY BRAND / VOLTAGE RATING
C12: 5) NUMBER OF BATTERIES in BANKS / CAPACITY per CELL (AH)
C13: 6) PRESENT LOAD READING, PANEL DISPLAY / CLAMP METER (A) | AE13: Ampere
C14: 7) RECTIFIER MODULES IN OPERATION | AE14: modules
C15: 8) ACTUAL FLOAT VOLTAGE (V) | AE15: Voltage
B17: C8.2. PROPOSED PDU/DCDU RECTIFIER LOAD SCHEDULE
D18: PROPOSED ADDITIONAL LOAD(S)
D19: Load No | G19: Equipment Type (Load Description) | O19: Power Rating (Watts) | S19: Current Rating (Amps) | W19: Cable Size (AWG) | Z19: Circuit Breaker Rating (Amps) | AE19: Remarks
D21: 1 | AL21: Power rating Autofill
D22: 2
D23: 3
D24: 4
D25: 5
D26: 6
D27: 7
D28: TOTAL: | S28: =SUM(S21:V27) -> 0
D30: Total Full Load Current = | L30: Existing Load + Proposed Load (100% of Rated Load) = | Z30: =Y13+S28 -> 0 | AD30: Amps
G31: Existing Rectifier Capacity: | P31: No. Modules x Ampere Capacity | Y31: = | Z31: =Y14*AE10 -> 0 | AD31: Amps
G32: Existing Battery Capacity: | P32: No. of Batt Banks x Batt Capacity | Y32: = | Z32: =Y12*AE12 -> 0 | AD32: AH
C34: RECTIFIER SUFFICIENCY COMPUTATION:
C36: Available Rectifier Capacity = | L36: Existing Rectifier Capacity - (Total Full Load Current) - (10% of Battery Capacity)
L37: - Rectifier Module Current Rating
C38: Available Rectifier Capacity = | L38: =Z31 -> 0 | O38: Amps - | R38: =Z30 -> 0 | U38: Amps - | X38: ( | Y38: =Z32 -> 0 | AA38: * | AB38: 0.1) | AD38: - | AE38: =AE10 -> 0 | AH38: Amps | AL38: 179.78 Amps - 67.99 Amps - (400*0.1) - 44.94 Amps
C39: Available Rectifier Capacity = | L39: =Z31-Z30-(Z32*0.1)-AE10 -> 0 | Q39: Amperes | T39: (if result value is negative, provision of additional module is required)
C40: Percent Utilization (TLC/Existing Rectifier Capacity) | R40: = | S40: =Z30/Z31 -> #DIV/0! | AL40: If % utilization is >59% add module
C42: BATTERY BACK-UP TIME COMPUTATION:
C44: BBUT = | F44: BATTERY CAPACITY (AMPERE-HOUR) / FUTURE TOTAL LOAD (AMPERE)
C45: BBUT = | F45: =Z32/Z30 -> #DIV/0! | I45: Hours
B47: C8.3. END-STATE SUFFICIENCY COMPUTATION: | R47: (applicable only if there will be new Rectifier System or Upgraded Module)
C49: Available Rectifier Capacity = | L49: (Future Rectifier Capacity - (Total Full Load Current) - (10% of Battery Capacity)
L50: - Rectifier Module Current Rating | AL50: 7 | AM50: =AK50*AL50 -> 0
C51: Available Rectifier Capacity =
C52: Available Rectifier Capacity = | Q52: Amperes | T52: (if result value is negative, provision of additional module is required)
C53: Percent Utilization (TLC/Existing Rectifier Capacity) | R53: =
C55: BATTERY BACK-UP TIME COMPUTATION:
C57: BBUT = | F57: BATTERY CAPACITY (AMPERE-HOUR) / FUTURE TOTAL LOAD (AMPERE)
C58: BBUT = | F58: =Z32/Z30 -> #DIV/0! | I58: Hours
B60: C8.4. EQUIPMENT FOR DECOMMISION: (Applicable for sites with identified equipment for decomisioning)
C62: 1.) | D62: WIMAX BTS | K62: : | O62: Amperes | R62: (value from clampmeter reading)
C63: 2.) | D63: WIMAX TRANSPORT | K63: : | O63: Amperes | R63: (value from clampmeter reading)
D64: TOTAL FOR DECOM | K64: : | O64: Amperes
C66: DC POWER SUFFICIENCY ASSESSMENT AND PROPOSAL:
C73: NOTE: Add pages if rectifier is more than one
AJ81: Equipment | AL81: Power Rating (Watts) | AM81: Circuit Breaker Rating
AJ82: RRU3268 (L700) S1 | AL82: 283.33333 | AM82: 1 x 63AT
AJ83: RRU3268 (L700) S2 | AL83: 283.33333 | AM83: 1 x 63AT
AJ84: RRU3268 (L700) S3 | AL84: 283.33333 | AM84: 1 x 63AT
AJ85: RRU3268 (L700) S1,S2 | AL85: 566.66667 | AM85: 1 x 63AT
AJ86: RRU3268 (L700) S1,S3 | AL86: 566.66667 | AM86: 1 x 63AT
AJ87: RRU3268 (L700) S2,S3 | AL87: 566.66667 | AM87: 1 x 63AT
AJ88: RRU3268 (L700) S1,S2,S3 | AL88: 850 | AM88: 1 x 63AT
AJ89: RRU5909 (GU900) S1 | AL89: 380 | AM89: 1 x 63AT
AJ90: RRU5909 (GU900) S2 | AL90: 380 | AM90: 1 x 63AT
AJ91: RRU5909 (GU900) S3 | AL91: 380 | AM91: 1 x 63AT
AJ92: RRU5909 (GU900) S1,S2 | AL92: 760 | AM92: 1 x 63AT
AJ93: RRU5909 (GU900) S1,S3 | AL93: 760 | AM93: 1 x 63AT
... AJ612: NA | AL612: 0 | AM612: NA

Sheet sketch-drawings On site
B4: 1.WHOLE SITE SKETCH-DRAWINGS | H4: Drawing File Name : | J4: =#REF!&"-"&#REF! -> #REF!
B37: 2.CABIN SKETCH-DRAWINGS ON SITE | H37: Drawing File Name : | J37: =J4 -> #REF!
B70: 3. CABLE ROUTING(ESPECIALLY ROOFTOP SITE) | H70: Drawing File Name : | J70: =J37 -> #REF!

Sheet RS2-computation (existing) (2)
H2: =#REF! -> #REF!
H3: Technical Site Survey Report
H4: Site Name | M4: =#REF! -> #REF!
H5: PLA ID | M5: =#REF! -> #REF!
B6: C7. Rectifer1 Computation
B7: C7.1. EXISTING RECTIFIER
C8: 1) EXISTING RECTIFIER SYSTEM BRAND - MODEL | Y8: EMERSON
C9: 2) MAXIMUM RECTIFIER MODULES / INSTALLED | Y9: =#REF!+#REF! -> #REF! | AE9: =#REF! -> #REF!
C10: 3) RECTIFIER MODULE RATING, WATTS / AMPS | Y10: =#REF! -> #REF! | AE10: =#REF! -> #REF!
C11: 4) BATTERY BRAND / VOLTAGE RATING | Y11: =#REF! -> #REF! | AE11: 12
C12: 5) NUMBER OF BATTERIES in BANKS / CAPACITY per CELL (AH) | Y12: 1 | AE12: 150
C13: 6) PRESENT LOAD READING, PANEL DISPLAY / CLAMP METER (A) | Y13: 33.1 | AE13: Ampere
C14: 7) RECTIFIER MODULES IN OPERATION | Y14: =#REF! -> #REF! | AE14: modules
C15: 8) ACTUAL FLOAT VOLTAGE (V) | Y15: 53.5 | AE15: Voltage
B17: C7.2. PROPOSED PDU/DCDU RECTIFIER LOAD SCHEDULE
D18: PROPOSED ADDITIONAL LOAD(S)
D19: Load No | G19: Equipment Type (Load Description) | O19: Power Rating (Watts) | S19: Current Rating (Amps) | W19: Cable Size (AWG) | Z19: Circuit Breaker Rating (Amps) | AE19: Deployment Remarks
D21: 1 | G21: NOKIA OLT MF-2 | O21: 450 | S21: 7.5 | Z21: 16 | AL21: Power rating Autofill
D22: 2
D23: 3
D24: 4 | AL24: FRPA | AM24: 934
D25: 5 | AL25: FHPD | AM25: 1203
D26: 6 | AL26: FXED | AM26: 1272
D27: 7 | AL27: FHEL | AM27: 1353
D28: TOTAL: | S28: =(SUM(S21:V27)) -> 7.5 | AL28: AZNA | AM28: 1272
AL29: AZHA | AM29: 1338
D30: Total Full Load Current = | L30: Existing Load + Proposed Load (100% of Rated Load) = | Z30: =Y13+S28 -> 40.6 | AD30: Amps | AL30: MIMO26N | AM30: 1300
G31: Existing Rectifier Capacity: | P31: No. Modules x Ampere Capacity | Y31: = | Z31: =Y14*AE10 -> #REF! | AD31: Amps
G32: Existing Battery Capacity: | P32: No. of Batt Banks x Batt Capacity | Y32: = | Z32: =Y12*AE12 -> 150 | AD32: AH
C34: RECTIFIER SUFFICIENCY COMPUTATION:
C36: Available Rectifier Capacity = | L36: Existing Rectifier Capacity - (Total Full Load Current) - (10% of Battery Capacity)
L37: - Rectifier Module Current Rating
C38: Available Rectifier Capacity = | L38: =Z31 -> #REF! | O38: Amps - | R38: =Z30 -> 40.6 | U38: Amps - | X38: ( | Y38: =Z32 -> 150 | AA38: * | AB38: 0.05) | AD38: - | AE38: =AE10 -> #REF! | AH38: Amps | AL38: 179.78 Amps - 67.99 Amps - (400*0.1) - 44.94 Amps
C39: Available Rectifier Capacity = | L39: =Z31-Z30-(Z32*0.05)-AE10 -> #REF! | Q39: Amperes | T39: (if result value is negative, provision of additional module is required)
C40: Percent Utilization (TLC/Existing Rectifier Capacity) | R40: = | S40: =Z30/Z31 -> #REF! | AL40: If % utilization is >59% add module
C42: BATTERY BACK-UP TIME COMPUTATION:
C44: BBUT = | F44: BATTERY CAPACITY (AMPERE-HOUR) / FUTURE TOTAL LOAD (AMPERE)
C45: BBUT = | F45: =Z32/Z30 -> 3.6945813 | I45: Hours
B47: C7.3. END-STATE SUFFICIENCY COMPUTATION: | R47: (applicable only if there will be new Rectifier System or Upgraded Module)
C49: Available Rectifier Capacity = | L49: (Future Rectifier Capacity - (Total Full Load Current) - (10% of Battery Capacity)
L50: - Rectifier Module Current Rating | AK50: 37.45 | AL50: 7 | AM50: =AK50*AL50 -> 262.15
C51: Available Rectifier Capacity =
C52: Available Rectifier Capacity = | Q52: Amperes | T52: (if result value is negative, provision of additional module is required)
C53: Percent Utilization (TLC/Existing Rectifier Capacity) | R53: =
C55: BATTERY BACK-UP TIME COMPUTATION:
C57: BBUT = | F57: BATTERY CAPACITY (AMPERE-HOUR) / FUTURE TOTAL LOAD (AMPERE)
C58: BBUT = | I58: Hours
B60: C7.4. EQUIPMENT FOR DECOMMISION: (Applicable for sites with identified equipment for decomisioning)
C62: 1.) | D62: WIMAX BTS | K62: : | O62: Amperes | R62: (value from clampmeter reading)
C63: 2.) | D63: WIMAX TRANSPORT | K63: : | O63: Amperes | R63: (value from clampmeter reading)
D64: TOTAL FOR DECOM | K64: : | O64: Amperes
C66: DC POWER SUFFICIENCY ASSESSMENT AND PROPOSAL:
C73: NOTE: Add pages if rectifier is more than one
AJ80: MAX
AJ81: Equipment | AL81: Power Rating (Watts) | AM81: Circuit Breaker Rating
AJ82: RRU3268 (L700) S1 | AL82: 283.33333 | AM82: 1 x 63AT
AJ83: RRU3268 (L700) S2 | AL83: 283.33333 | AM83: 1 x 63AT
AJ84: RRU3268 (L700) S3 | AL84: 283.33333 | AM84: 1 x 63AT
AJ85: RRU3268 (L700) S1,S2 | AL85: 566.66667 | AM85: 1 x 63AT
AJ86: RRU3268 (L700) S1,S3 | AL86: 566.66667 | AM86: 1 x 63AT
AJ87: RRU3268 (L700) S2,S3 | AL87: 566.66667 | AM87: 1 x 63AT
AJ88: RRU3268 (L700) S1,S2,S3 | AL88: 850 | AM88: 1 x 63AT
AJ89: RRU5909 (GU900) S1 | AL89: 380 | AM89: 1 x 63AT
AJ90: RRU5909 (GU900) S2 | AL90: 380 | AM90: 1 x 63AT
AJ91: RRU5909 (GU900) S3 | AL91: 380 | AM91: 1 x 63AT
AJ92: RRU5909 (GU900) S1,S2 | AL92: 760 | AM92: 1 x 63AT
AJ93: RRU5909 (GU900) S1,S3 | AL93: 760 | AM93: 1 x 63AT
... AJ353: RRU5254 (L2600)S1,S2,S3 | AL353: 2016 | AM353: 1 x 100AT
AJ354: DEDUCT_RRU3268 (L700) S1 | AL354: -216.66667 | AM354: NA | AN354: DEDUCT | AQ354: DEDUCT_RRU3268 (L700) S1
AJ355: DEDUCT_RRU3268 (L700) S2 | AL355: -216.66667 | AM355: NA | AN355: DEDUCT | AQ355: DEDUCT_RRU3268 (L700) S2
AJ356: DEDUCT_RRU3268 (L700) S3 | AL356: -216.66667 | AM356: NA | AN356: DEDUCT | AQ356: DEDUCT_RRU3268 (L700) S3
AJ357: DEDUCT_RRU3268 (L700) S1,S2 | AL357: -433.33333 | AM357: NA | AN357: DEDUCT | AQ357: DEDUCT_RRU3268 (L700) S1,S2
AJ358: DEDUCT_RRU3268 (L700) S1,S3 | AL358: -433.33333 | AM358: NA | AN358: DEDUCT | AQ358: DEDUCT_RRU3268 (L700) S1,S3
AJ359: DEDUCT_RRU3268 (L700) S2,S3 | AL359: -433.33333 | AM359: NA | AN359: DEDUCT | AQ359: DEDUCT_RRU3268 (L700) S2,S3
AJ360: DEDUCT_RRU3268 (L700) S1,S2,S3 | AL360: -650 | AM360: NA | AN360: DEDUCT | AQ360: DEDUCT_RRU3268 (L700) S1,S2,S3
AJ361: DEDUCT_RRU5909 (GU900) S1 | AL361: -380 | AM361: NA | AN361: DEDUCT | AQ361: DEDUCT_RRU5909 (GU900) S1
AJ362: DEDUCT_RRU5909 (GU900) S2 | AL362: -380 | AM362: NA | AN362: DEDUCT | AQ362: DEDUCT_RRU5909 (GU900) S2
AJ363: DEDUCT_RRU5909 (GU900) S3 | AL363: -380 | AM363: NA | AN363: DEDUCT | AQ363: DEDUCT_RRU5909 (GU900) S3
AJ364: DEDUCT_RRU5909 (GU900) S1,S2 | AL364: -760 | AM364: NA | AN364: DEDUCT | AQ364: DEDUCT_RRU5909 (GU900) S1,S2
AJ365: DEDUCT_RRU5909 (GU900) S1,S3 | AL365: -760 | AM365: NA | AN365: DEDUCT | AQ365: DEDUCT_RRU5909 (GU900) S1,S3
... AJ611: DEDUCT_AAU5613 (5G) S1,S2, S3 | AL611: -2850 | AM611: NA | AN611: DEDUCT | AQ611: DEDUCT_AAU5613 (5G) S1,S2, S3
AJ612: NA | AL612: 0 | AM612: NA

Sheet RS2-computation (existing)
H2: =#REF! -> #REF!
H3: Technical Site Survey Report
H4: Site Name | M4: =#REF! -> #REF!
H5: PLA ID | M5: =#REF! -> #REF!
B6: C7. Rectifer2 Computation
B7: C7.1. EXISTING RECTIFIER
C8: 1) EXISTING RECTIFIER SYSTEM BRAND - MODEL | Y8: =#REF! -> #REF!
C9: 2) MAXIMUM RECTIFIER MODULES / INSTALLED | Y9: =#REF!+#REF! -> #REF! | AE9: =#REF! -> #REF!
C10: 3) RECTIFIER MODULE RATING, WATTS / AMPS | Y10: =#REF! -> #REF! | AE10: =#REF! -> #REF!
C11: 4) BATTERY BRAND / VOLTAGE RATING | Y11: =#REF! -> #REF! | AE11: =#REF! -> #REF!
C12: 5) NUMBER OF BATTERIES in BANKS / CAPACITY per CELL (AH) | Y12: =#REF! -> #REF! | AE12: =#REF! -> #REF!
C13: 6) PRESENT LOAD READING, PANEL DISPLAY / CLAMP METER (A) | Y13: =#REF! -> #REF! | AE13: Ampere
C14: 7) RECTIFIER MODULES IN OPERATION | Y14: =#REF! -> #REF! | AE14: modules
C15: 8) ACTUAL FLOAT VOLTAGE (V) | Y15: =#REF! -> #REF! | AE15: Voltage
B17: C7.2. PROPOSED PDU/DCDU RECTIFIER LOAD SCHEDULE
D18: PROPOSED ADDITIONAL LOAD(S)
D19: Load No | G19: Equipment Type (Load Description) | O19: Power Rating (Watts) | S19: Current Rating (Amps) | W19: Cable Size (AWG) | Z19: Circuit Breaker Rating (Amps) | AE19: Deployment Remarks
D21: 1 | G21: NOKIA OLT FX-4 | O21: 515 | S21: 7.5 | Z21: 16 | AE21: OPTION 1 | AL21: Power rating Autofill
D22: 2 | G22: NOKIA OLT FX-4 + RS ODC | Z22: 20 | AE22: OPTION 2
D23: 3
D24: 4
D25: 5
D26: 6
D27: 7
D28: TOTAL: | S28: =(SUM(S21:V27)) -> 7.5
D30: Total Full Load Current = | L30: Existing Load + Proposed Load (100% of Rated Load) = | Z30: =Y13+S28 -> #REF! | AD30: Amps
G31: Existing Rectifier Capacity: | P31: No. Modules x Ampere Capacity | Y31: = | Z31: =Y14*AE10 -> #REF! | AD31: Amps
G32: Existing Battery Capacity: | P32: No. of Batt Banks x Batt Capacity | Y32: = | Z32: =Y12*AE12 -> #REF! | AD32: AH
C34: RECTIFIER SUFFICIENCY COMPUTATION:
C36: Available Rectifier Capacity = | L36: Existing Rectifier Capacity - (Total Full Load Current) - (10% of Battery Capacity)
L37: - Rectifier Module Current Rating
C38: Available Rectifier Capacity = | L38: =Z31 -> #REF! | O38: Amps - | R38: =Z30 -> #REF! | U38: Amps - | X38: ( | Y38: =Z32 -> #REF! | AA38: * | AB38: 0.05) | AD38: - | AE38: =AE10 -> #REF! | AH38: Amps | AL38: 179.78 Amps - 67.99 Amps - (400*0.1) - 44.94 Amps
C39: Available Rectifier Capacity = | L39: =Z31-Z30-(Z32*0.05)-AE10 -> #REF! | Q39: Amperes | T39: (if result value is negative, provision of additional module is required)
C40: Percent Utilization (TLC/Existing Rectifier Capacity) | R40: = | S40: =Z30/Z31 -> #REF! | AL40: If % utilization is >59% add module
C42: BATTERY BACK-UP TIME COMPUTATION:
C44: BBUT = | F44: BATTERY CAPACITY (AMPERE-HOUR) / FUTURE TOTAL LOAD (AMPERE)
C45: BBUT = | F45: =Z32/Z30 -> #REF! | I45: Hours
B47: C7.3. END-STATE SUFFICIENCY COMPUTATION: | R47: (applicable only if there will be new Rectifier System or Upgraded Module)
C49: Available Rectifier Capacity = | L49: (Future Rectifier Capacity - (Total Full Load Current) - (10% of Battery Capacity)
L50: - Rectifier Module Current Rating | AK50: 37.45 | AL50: 7 | AM50: =AK50*AL50 -> 262.15
C51: Available Rectifier Capacity =
C52: Available Rectifier Capacity = | Q52: Amperes | T52: (if result value is negative, provision of additional module is required)
C53: Percent Utilization (TLC/Existing Rectifier Capacity) | R53: =
C55: BATTERY BACK-UP TIME COMPUTATION:
C57: BBUT = | F57: BATTERY CAPACITY (AMPERE-HOUR) / FUTURE TOTAL LOAD (AMPERE)
C58: BBUT = | F58: =Z32/Z30 -> #REF! | I58: Hours
B60: C7.4. EQUIPMENT FOR DECOMMISION: (Applicable for sites with identified equipment for decomisioning)
C62: 1.) | D62: WIMAX BTS | K62: : | O62: Amperes | R62: (value from clampmeter reading)
C63: 2.) | D63: WIMAX TRANSPORT | K63: : | O63: Amperes | R63: (value from clampmeter reading)
D64: TOTAL FOR DECOM | K64: : | O64: Amperes
C66: DC POWER SUFFICIENCY ASSESSMENT AND PROPOSAL:
C69: RECTIFIER SYSTEM 2 IS SUFFICIENT
C73: NOTE: Add pages if rectifier is more than one
AJ81: Equipment | AL81: Power Rating (Watts) | AM81: Circuit Breaker Rating
AJ82: RRU3268 (L700) S1 | AL82: 283.33333 | AM82: 1 x 63AT
AJ83: RRU3268 (L700) S2 | AL83: 283.33333 | AM83: 1 x 63AT
AJ84: RRU3268 (L700) S3 | AL84: 283.33333 | AM84: 1 x 63AT
AJ85: RRU3268 (L700) S1,S2 | AL85: 566.66667 | AM85: 1 x 63AT
AJ86: RRU3268 (L700) S1,S3 | AL86: 566.66667 | AM86: 1 x 63AT
AJ87: RRU3268 (L700) S2,S3 | AL87: 566.66667 | AM87: 1 x 63AT
AJ88: RRU3268 (L700) S1,S2,S3 | AL88: 850 | AM88: 1 x 63AT
AJ89: RRU5909 (GU900) S1 | AL89: 380 | AM89: 1 x 63AT
AJ90: RRU5909 (GU900) S2 | AL90: 380 | AM90: 1 x 63AT
AJ91: RRU5909 (GU900) S3 | AL91: 380 | AM91: 1 x 63AT
AJ92: RRU5909 (GU900) S1,S2 | AL92: 760 | AM92: 1 x 63AT
AJ93: RRU5909 (GU900) S1,S3 | AL93: 760 | AM93: 1 x 63AT
... AJ612: NA | AL612: 0 | AM612: NA

Sheet Hidden&&CheckBox
A1: 1(Mark770402000)Rough Road | B1: =FALSE() -> FALSE
A2: 2(Mark770402000)Unpaved Road | B2: =TRUE() -> TRUE
A3: 3(Mark770402000)Concrete Road | B3: =TRUE() -> TRUE
A4: 1(Mark770403000)Trailer Truck
A5: 2(Mark770403000)6-10 Wheeler
A6: 3(Mark770403000)Four Wheeler | B6: =TRUE() -> TRUE
A7: 4(Mark770403000)Tricycle | B7: =FALSE() -> FALSE
A8: 5(Mark770403000)None (foot rail)
A9: 1(Mark770405000)Staircase | B9: =TRUE() -> TRUE
A10: 2(Mark770405000)Crane
A11: 3(Mark770405000)Forklift
A12: 4(Mark770405000)Others
A13: 1(Mark770407000)YES
A14: 2(Mark770407000)NO | B14: =TRUE() -> TRUE
A15: 1(Mark770409000)YES | B15: =TRUE() -> TRUE
A16: 2(Mark770409000)NO
A17: 1(Mark770829000)YES
A18: 2(Mark770829000)NO | B18: =TRUE() -> TRUE
A19: 1(Mark770830000)YES
A20: 2(Mark770830000)NO | B20: =TRUE() -> TRUE
A21: 1(Mark770920000)YES | B21: =TRUE() -> TRUE
A22: 2(Mark770920000)NO
A23: 1(Mark770938000)NEW AMB
A24: 2(Mark770938000)REUSE AMB | B24: =TRUE() -> TRUE
A25: 3(Mark770938000)AMB REFURBISHMENT | B25: =TRUE() -> TRUE
A26: 1(Mark770940000)BACK TO BACK
A27: 2(Mark770940000)NEW RRU BRACKET (Specify) | B27: =TRUE() -> TRUE
A28: 1(Mark770958000)NEW AMB
A29: 2(Mark770958000)REUSE AMB | B29: =TRUE() -> TRUE
A30: 3(Mark770958000)AMB REFURBISHMENT
A31: 1(Mark770960000)BACK TO BACK
A32: 2(Mark770960000)NEW RRU BRACKET (Specify) | B32: =FALSE() -> FALSE
A33: 1(Mark770978000)NEW AMB
A34: 2(Mark770978000)REUSE AMB | B34: =TRUE() -> TRUE
A35: 3(Mark770978000)AMB REFURBISHMENT
A36: 1(Mark770980000)BACK TO BACK
A37: 2(Mark770980000)NEW RRU BRACKET (Specify) | B37: =TRUE() -> TRUE
A38: 1(Mark771025000)YES | B38: =TRUE() -> TRUE
A39: 2(Mark771025000)NO
A40: 1(Mark771043000)NEW AMB
A41: 2(Mark771043000)REUSE AMB | B41: =TRUE() -> TRUE
A42: 3(Mark771043000)AMB REFURBISHMENT | B42: =TRUE() -> TRUE
A43: 1(Mark771045000)BACK TO BACK
A44: 2(Mark771045000)NEW RRU BRACKET (Specify) | B44: =TRUE() -> TRUE
A45: 1(Mark771063000)NEW AMB
A46: 2(Mark771063000)REUSE AMB | B46: =TRUE() -> TRUE
A47: 3(Mark771063000)AMB REFURBISHMENT
A48: 1(Mark771065000)BACK TO BACK
A49: 2(Mark771065000)NEW RRU BRACKET (Specify) | B49: =TRUE() -> TRUE
A50: 1(Mark771083000)NEW AMB
A51: 2(Mark771083000)REUSE AMB | B51: =TRUE() -> TRUE
A52: 3(Mark771083000)AMB REFURBISHMENT
A53: 1(Mark771085000)BACK TO BACK
A54: 2(Mark771085000)NEW RRU BRACKET (Specify) | B54: =TRUE() -> TRUE
A55: 1(Mark771123000)YES | B55: =TRUE() -> TRUE
A56: 2(Mark771123000)NO
A57: 1(Mark771141000)NEW AMB
A58: 2(Mark771141000)REUSE AMB | B58: =TRUE() -> TRUE
A59: 3(Mark771141000)AMB REFURBISHMENT | B59: =TRUE() -> TRUE
A60: 1(Mark771143000)BACK TO BACK
A61: 2(Mark771143000)NEW RRU BRACKET (Specify) | B61: =TRUE() -> TRUE
A62: 1(Mark771161000)NEW AMB
A63: 2(Mark771161000)REUSE AMB | B63: =TRUE() -> TRUE
A64: 3(Mark771161000)AMB REFURBISHMENT
A65: 1(Mark771163000)BACK TO BACK
A66: 2(Mark771163000)NEW RRU BRACKET (Specify) | B66: =TRUE() -> TRUE
A67: 1(Mark771181000)NEW AMB
A68: 2(Mark771181000)REUSE AMB | B68: =TRUE() -> TRUE
A69: 3(Mark771181000)AMB REFURBISHMENT
A70: 1(Mark771183000)BACK TO BACK
A71: 2(Mark771183000)NEW RRU BRACKET (Specify) | B71: =TRUE() -> TRUE
A72: 1(Mark771222000)YES | B72: =TRUE() -> TRUE
A73: 2(Mark771222000)NO
A74: 1(Mark771240000)NEW AMB
A75: 2(Mark771240000)REUSE AMB | B75: =TRUE() -> TRUE
A76: 3(Mark771240000)AMB REFURBISHMENT | B76: =TRUE() -> TRUE
A77: 1(Mark771242000)BACK TO BACK
A78: 2(Mark771242000)NEW RRU BRACKET (Specify) | B78: =TRUE() -> TRUE
A79: 1(Mark771260000)NEW AMB
A80: 2(Mark771260000)REUSE AMB | B80: =TRUE() -> TRUE
A81: 3(Mark771260000)AMB REFURBISHMENT
A82: 1(Mark771262000)BACK TO BACK
A83: 2(Mark771262000)NEW RRU BRACKET (Specify) | B83: =TRUE() -> TRUE
A84: 1(Mark771280000)NEW AMB
A85: 2(Mark771280000)REUSE AMB | B85: =TRUE() -> TRUE
A86: 3(Mark771280000)AMB REFURBISHMENT
A87: 1(Mark771282000)BACK TO BACK
A88: 2(Mark771282000)NEW RRU BRACKET (Specify) | B88: =TRUE() -> TRUE
A89: 1(Mark771320000)YES | B89: =TRUE() -> TRUE
A90: 2(Mark771320000)NO | B90: =TRUE() -> TRUE
A91: 1(Mark771338000)NEW AMB
A92: 2(Mark771338000)REUSE AMB | B92: =TRUE() -> TRUE
A93: 3(Mark771338000)AMB REFURBISHMENT | B93: =TRUE() -> TRUE
A94: 1(Mark771340000)BACK TO BACK
A95: 2(Mark771340000)NEW RRU BRACKET (Specify) | B95: =TRUE() -> TRUE
A96: 1(Mark771358000)NEW AMB
A97: 2(Mark771358000)REUSE AMB | B97: =TRUE() -> TRUE
A98: 3(Mark771358000)AMB REFURBISHMENT
A99: 1(Mark771360000)BACK TO BACK
A100: 2(Mark771360000)NEW RRU BRACKET (Specify) | B100: =TRUE() -> TRUE
...
